CODE;ENGLISH;FRENCH;;;;;;;;;;;;x;
#;;x;;;;;;;;;;;;x;
#BATIMENTS;;x;;;;;;;;;;;;x;
#;;x;;;;;;;;;;;;x;
#-Château-;;;;;;;;;;;;;;;x
#;;;;;;;;;;;;;;x;
#;;BATIMENTS XYLO;;;;;;;;;;;;x
#;;x;;;;;;;;;;;;x
CA_chasse_L1;Hunting Lodge;Loge de Chasse;;;;;;;;;;;;x
CA_chasse_L1_desc;A small but comfortable cabin in the woods to which one may retire and rest throughout the many days of hunting customary for the nobility.;Il s'agit ici d'une grande cabane en bois permettant de s'abriter et de se retrouver lors de campagnes de chasse qui durent quelques jours.;;;;;;;;;;;;x
CA_chasse_L2;Hunting Manor;Logis de Chasse;;;;;;;;;;;;x
CA_chasse_L2_desc;This modest manor in the woods offers all of the comforts and accomodations worthy of a lord. It also has the advantage of being removed from the intrigues of the court.;Ce refuge offre un plus grand confort et une capacité d'hébergement plus importante. Il a l'avantage aussi d'être à l'abri des regards indiscrets de la cour...;;;;;;;;;;;;x
CA_chasse_L3;Hunting Mansion;Manoir de Chasse;;;;;;;;;;;;x
CA_chasse_L3_desc;This luxurious mansion hidden away in the seigniorial forests has all the airs of a small castle, able to extravagantly receive and accommodate a large hunting party for many days.;Avec ces airs de maison forte, cet pied-à-terre forestier offre tout le confort d'un château pour donner des banquets et recevoir nos hôtes de marque lors de longues parties de chasse.;;;;;;;;;;;;x
TP_herboriste_L1;Herbalist's Quarters;Herboriste;;;;;;;;;;;;x
TP_herboriste_L1_desc;The old herbalist who has taken up residence here can regularly be seen wandering the forest searching for medicinal herbs. His skills and knowledge prove most useful in times of illness.;L'herboriste récolte dans les alentours et cultive des plantes médicinales. Un savoir fort apprécié et des plus utiles quand la maladie survient.;;;;;;;;;;;;x
TP_herboriste_L2;Apothecary;Apothicaire;;;;;;;;;;;;x
TP_herboriste_L2_desc;The local apothecary is home to a cornucopia of elixirs, herbs, and powders ready to be made into valuable cures for a plethora of illnesses and disease. The people feel protected and reassured by the presence of an verified apothecary in the province.;L'Apothicaire fabrique toute sorte de soins et remèdes tant pour soigner des infections que des blessures. Sa présence dans cette contrée rassure et protège la populace.;;;;;;;;;;;;x
TP_oratoire_sylvestre;Sylvan Oratory;Oratoire Sylvestre;;;;;;;;;;;;x
TP_oratoire_sylvestre_desc;This place of solitude hidden deep in the woods allows passing pilgrims and the resident hermit a space to contemplate the glory of the Almighty in nature as well as pray for the salvation of one's soul.;Ce lieu de culte perdu au milieu de la sérénité des bois sert de lieu de prière et de recueillement pour les pélérins de passage par chez nous ou les pécheurs en quête d'apaisement pour leur âme.;;;;;;;;;;;;x
#;;x;;;;;;;;;;;;x
#;;BATIMENTS BANDITS;;;;;;;;;;;;x
#;;x;;;;;;;;;;;;x
REPAIREVOLEUR;Bandit Lair;REPAIRE DE BRIGANDS;;;;;;;;;;;;x
REPAIREVOLEUR_desc;;Les bandits de cette province sont suffisamment bien implantés et organisés et ont même contruit un repaire aux yeux de tous. Intolérable !;;;;;;;;;;;;x
repaire_voleur_L1;Bandit Lair;Cache de brigands ;;;;;;;;;;;;x
repaire_voleur_L1_desc;This hidden lair allows the local bandits to store their borrowed gold from the local lord and generous merchants passing through.;Cette cache permet d'entreposer les résultats des forfaiteries commises par les gredins. ;;;;;;;;;;;;x
repaire_voleur_L2;Thieves' Den;Repaire de brigands;;;;;;;;;;;;x
repaire_voleur_L2_desc;This veritable den of thieves is nigh undetectable, but the threat posed by it is far from unnoticeable.;La cache a disparu et perdu de sa clandestinité pour laisser place à un endroit qu'il est impossible d'ignorer. Le pire est à craindre.;;;;;;;;;;;;x
repaire_voleur_L3;Brigand Sanctuary;Maison forte de brigands;;;;;;;;;;;;x
repaire_voleur_L3_desc;The lack of an adequate response to the rise of banditry in this province has led to the development of an extensive sanctuary for outlaws and thieves operating outside of the law. Displacing them will be an arduous task to say the least.;L'expansion du banditisme dans la province a permis d'étendre et fortifier plus stratégiquement le repaire. Déloger ces occupants rique de s'avérer ardu...;;;;;;;;;;;;x
repaire_voleur_L4;Thieves' Guild;Guilde de brigands;;;;;;;;;;;;x
repaire_voleur_L4_desc;The paralyzing weakness of the local lord has led to the large-scale infiltration of organized crime into provincial commerce. The loss of revenues to these unscrupulous and dangerous characters is a plague upon local industry and central authority.;Au vu et au su de tous, c'est un rassemblement corporatif qui s'étale maintenant. Les coffres remplis de denrées et autres butins rapinés débordent.;;;;;;;;;;;;x
repaire_voleur_L5;Bandit Fortress;Fortin de brigands;;;;;;;;;;;;x
repaire_voleur_L5_desc;No longer fearing any sort of reprisal, the bandits have constructed an impressive fort exerting their control over the locals. The bandits have even gone as far as to elect a "king" to hold a farcical "court" with his scrupulous and unruly subjects.;Le mélange parfait entre lieu de stockage et place défensive. Un trône volé y accueille le chef de la bande qui y mène sa "cour" singeant par là même les nobles détroussés.;;;;;;;;;;;;x
#fort_brigands_L1;;Palissade;;;;;;;;;;;;x
#fort_brigands_L1_desc;;Cette ligne de pieux plantés verticalement est parfaite pour stopper des petites attaques surprises.;;;;;;;;;;;;x
#fort_brigands_L2;;Rideau de pierre;;;;;;;;;;;;x
#fort_brigands_L2_desc;Le bois a laissé place à la pierre et donne aux malandrins un sentiment de sécurité confortable.;;;;;;;;;;;;;x
#fort_brigands_L3;;Hauts murs;;;;;;;;;;;;x
#fort_brigands_L3_desc;;Qui oserait maintenant partir à l'assaut de tels murs où patrouillent des coquins sûrs de leur invincibilité.;;;;;;;;;;;;x
caserne_brigands_L1;Arms Cache;Abri des malandrins;;;;;;;;;;;;x
caserne_brigands_L1_desc;Stolen arms are stored here and distributed to new recruits, resulting in a more dangerous highwaymen capable of holding ground against the local patrols.;C'est ici que se reposent et s'entraînent les ennemis de la justice seigneuriale.;;;;;;;;;;;;x
caserne_brigands_L2;Brigand Armory;Gîte des malandrins;;;;;;;;;;;;x
caserne_brigands_L2_desc;A crudely constructed building where most of the bandits' arms are stored and maintained.;Un lieu où sont posées les paillasses et les armes des brigands.;;;;;;;;;;;;x
caserne_brigands_L3;Brigand Barracks;Caserne des malandrins;;;;;;;;;;;;x
caserne_brigands_L3_desc;The more violent and better-trained of the outlaws and bandits sleep and train here, ever vigilant for the next engagement with caravan guards or military patrol.;Ici dorment et s'entraînent les bandits au milieu de piles d'armes volées.;;;;;;;;;;;;x
reseau_provincial_L1;Underground Trade Network I;Commerce parallèle naissant;;;;;;;;;;;;x
reseau_provincial_L1_desc;This indicates the level of the influence of this crime network over the province.;Toute organisation criminelle se doit d'établir un réseau de receleurs et autres contrebandiers.;;;;;;;;;;;;x
reseau_provincial_L2;Underground Trade Network II;Commerce parallèle organisé;;;;;;;;;;;;x
reseau_provincial_L2_desc;This indicates the level of the influence of this crime network over the province.;On peut trouver partout dans la province de fort belles marchandises préalablement subtilisées.;;;;;;;;;;;;x
reseau_provincial_L3;Underground Trade Network III;Commerce parallèle efficace;;;;;;;;;;;;x
reseau_provincial_L3_desc;This indicates the level of the influence of this crime network over the province.;L'efficacité du commerce souterrain est surprenante : marchandises moins chères que sur le marché et parfois de meilleure qualité, les bourgeois en raffolent ! ;;;;;;;;;;;;x
#;;x;;;;;;;;;;;;x
#FERME CEREALIERE (plaine et terres arables);;;;;;;;;;;;;;;x
CA_AGRI_cereale_L1;Cereals: Land Clearance;CEREALES : Plaine Défrichée;;;;;;;;;;;;x;
CA_AGRI_cereale_L1_desc;This land has been cleared and prepared for the large-scale cultivation of cereals.;Ce terrain a été défriché et devrait bientôt pouvoir produire des céréales.;;;;;;;;;;;x
CA_AGRI_cereale_L2;Cereals: Cultivated Fields;CEREALES : Champs Cultivés;;;;;;;;;;;;x;
CA_AGRI_cereale_L2_desc;This land supports the large-scale cultivation of multiple crops of cereals according to the rhythm of the seasons.;Ce terrain comporte maintenant plusieurs champs cultivés où se succèdent différents assolements triennaux céréaliers aux rythmes des saisons.;;;;;;;;;;;;x;
CA_AGRI_cereale_L3;Cereals: Farming Estates;CEREALES : Exploitation Agricole;;;;;;;;;;;;x;
CA_AGRI_cereale_L3_desc;The local lord holds authority over multiple estates upon which thousands of peasants toil to cultivate a vast surplus of cereals.;Ce qui était naguère un tas de broussailles est maintenant une exploitation agricole où la culture du blé et du froment sont menées de main de maître.;;;;;;;;;;;;x;
#VERGER (côteaux);;;;;;;;;;;;;;;x
CA_AGRI_verger_L1;Fruits: Small Orchards;FRUITS : Vergers Épars;;;;;;;;;;;;x
CA_AGRI_verger_L1_desc;Small orchards tended to by a few dozen workers dot the countryside, but more fertile land is available for  large-scale cultivation.;;;;;;;;;;;;;x
CA_AGRI_verger_L2;Fruits: Large Orchards;FRUITS : Grands Vergers;;;;;;;;;;;;x
CA_AGRI_verger_L2_desc;Through considerable investments in expanding the scale of production, large orchards now span the many hills and fields of this province.;;;;;;;;;;;;x
CA_AGRI_verger_L3;Fruits: Seigneurial Orchards;FRUITS : Vergers Seigneuriaux;;;;;;;;;;;;x
CA_AGRI_verger_L3_desc;The local lord has taken control over the majority of the fruit orchards in this province and expanded them further. Thousands of peasants now toil in the groves harvesting fruit from trees bending under their own weight to send to market.;Les vergers couvrent à présent une bonne partie des côteaux et les arbres plient sous le poids de leurs fruits abondants.;;;;;;;;;;;;x;
#ELEVAGE ovin (sauf montagne);;;;;;;;;;;;;;;x
CA_ELEV_ovin_L1a;Wool: Pasturages;BETAIL : Pâturages;;;;;;;;;;;;x;
CA_ELEV_ovin_L1a_desc;Putting sheep out to pasture on the vast grazing lands in this province forms the foundation of a stable economy, but land use is inefficient and there is more than enough land to support larger herds.;Un endroit propice à la consommation de l'herbe, un met de choix pour les ovins sous la houlette des bergers et bergères venant des hameaux alentours.;;;;;;;;;;;;x;
CA_ELEV_ovin_L2a;Wool: Enclosures;BETAIL : Enclos à ovins;;;;;;;;;;;;x;
CA_ELEV_ovin_L2a_desc;Enclosing sheep herds allows more efficient use of grazing lands as well as better protection from predators and rustlers.;Un ensemble d'enclos a été construit de manière à concentrer davantage la production ovine et en faciliter la surveillance.;;;;;;;;;;;;x;
CA_ELEV_ovin_L3a;Wool: Sheep Pens;BETAIL : Bergerie;;;;;;;;;;;;x;
CA_ELEV_ovin_L3a_desc;Keeping the sheep penned reduces the risk of losing them to theft or predators. The establishment of proper infrastructure for the breeding and cultivation of large herds of sheep has delivered significant returns.;La bergerie accueille les ovins pour la nuit et leur apporte protection face aux prédateurs aux longues dents...;;;;;;;;;;;;x;
#ELEVAGE ovin (alpage, montagne);;;;;;;;;;;;;;;x
CA_ELEV_ovin_L1b;Cheese: Mountain Pasturage;BETAIL : Alpage;;;;;;;;;;;;x;
CA_ELEV_ovin_L1b_desc;Although grazing land is limited in these lands, it is still sustainable to herd livestock for the production of dairy products.;Cette prairie d'altitude est fréquentée pendant toute la belle saison et offre aux ovins une herbe fleurie et savoureuse dont ils raffolent.;;;;;;;;;;;;x;
CA_ELEV_ovin_L2b;Cheese: Mountain Enclosures;BETAIL : Refuge d'alpage;;;;;;;;;;;;x;
CA_ELEV_ovin_L2b_desc;Enclosing the herds allows more efficient use of grazing lands as well as better protection from predators, rustlers, and the unfriendly mountain climate.;Tout juste un modeste abri en bois assorti d'un enclos pour les bêtes, assurant néanmoins de meilleures conditions d'élevage.;;;;;;;;;;;;x;
CA_ELEV_ovin_L3b;Cheese: Mountain Hamlet;BETAIL : Hameau d'alpage;;;;;;;;;;;;x;
CA_ELEV_ovin_L3b_desc;Small communities of shepherds have established hamlets centered around the breeding of livestock, increasing production and making more efficient use of shared land.;Tout juste quelques cabanes et abris saisonniers accueillant un petit groupe de bergers et leurs troupeaux paissant sur l'ensemble de l'alpage.;;;;;;;;;;;;x;
#BOIS (plaine + foret );;;;;;;;;;;;;;;x
CA_BOIS_bois_L1;Timber: Woodcutters' Lodges;BOIS : Site de Coupe;;;;;;;;;;;;x;
CA_BOIS_bois_L1_desc;Small lodges support a few dozen lumberjacks at a time as they chip slowly at the woodlands of the region, supplying only barely what is needed to sustain local industries.;;;;;;;;;;;;;x;
CA_BOIS_bois_L2;Timber: Logging Camp;BOIS : Camp de Bûcherons;;;;;;;;;;;;x;
CA_BOIS_bois_L2_desc;Larger camps of loggers have opened up and teams of lumberjacks are making their way deeper into the woods. Logs are piling up faster than the oxen can transport them back to the villages and cities.;;;;;;;;;;;;;x;
CA_BOIS_bois_L3;Timber: Lumber Mill;BOIS : Exploitation Forestière;;;;;;;;;;;;x;
CA_BOIS_bois_L3_desc;The construction of lumber mills have greatly increased productivity and lessened the logistical burden of hauling uncut logs to the cities for processing. Small villages springing up next to these facilities provide more labor and support for the hundreds of loggers employed throughout the province.;;;;;;;;;;;;;x;
#CHARBON DE BOIS (foret);;;;;;;;;;;;;;;x
CA_BOIS_charbon_L1;Charcoal: Colliers' Huts;CHARBON DE BOIS : Charbonnière Improvisée;;;;;;;;;;;;x;
CA_BOIS_charbon_L2;Charcoal: Coal-firing Kilns;CHARBON DE BOIS : Charbonnière Permanente;;;;;;;;;;;;x;
CA_BOIS_charbon_L3;Charcoal: Seigneurial Kilns;CHARBON DE BOIS : Charbonnière Seigneuriale;;;;;;;;;;;;x;
#CARRIERE pierre (montagne + côteau);;;;;;;;;;;;;;;x
CA_CARR_pierre_L1;Stone: Open-cast Quarry;PIERRE : Carrière sommaire;;;;;;;;;;;;x;
CA_CARR_pierre_L1_desc;Stone is mined here in significant quantities, but surveyors have discovered veins that run deep into the soil. Perhaps an expansion of operations underground might be in order.;L'exploitation consiste surtout à casser des rochers plus gros dans un éboulis ou un affleurement rocheux d'une colline. On y extrait péniblement roches et remblais qui seront utilisés localement.;;;;;;;;;;;;x;
CA_CARR_pierre_L2;Stone: Shallow Shaft Mining;PIERRE : Front de taille;;;;;;;;;;;;x;
CA_CARR_pierre_L2_desc;The construction of a shaft extending deep underground allows for more stone to be extracted in blocks and lifted to the surface by ingenious elevators and sturdy cranes.;L'intensification de l'extraction a formé cette paroi verticale ouverte dans ce flanc de plateau, permettant d'extraire de la pierre en gros bloc qui pourront donner une belle pierre de taille.;;;;;;;;;;;;x;
CA_CARR_pierre_L3;Stone: Extensive Shaft Mining;PIERRE : Grande Carrière;;;;;;;;;;;;x;
CA_CARR_pierre_L3_desc;The construction of an extensive tunnel network and the machinery needed to lift large blocks of stone to the surface have greatly increased productivity to supply the construction of fortifications and cathedrals, but also make mining much more dangerous and a few lives are claimed every year.;Ce site carrier fournit l'ensemble de la région en pierre de qualité qui sert notamment à l'édification de fortifications ou contructions telles les églises et cathédrales.;;;;;;;;;;;;x;
#MINE minerai (montagne + côteau);;;;;;;;;;;;;;;x
CA_MINE_minerai_L1;Raw Ores: Open-cast Mine;MINERAI : Excavation Minière;;;;;;;;;;;;x;
CA_MINE_minerai_L1_desc;This surface mine only yields a bare amount of ore compared to the volume potentially hidden underground. Additional infrastructure is needed to extract more ores from deeper within the subsoil.;Une excavation grossière a été forée dans la roche. On y en extrait péniblement du minerai.;;;;;;;;;;;;x;
CA_MINE_minerai_L2;Raw Ores: Shallow Shaft Mining;MINERAI : Tunnels Miniers;;;;;;;;;;;;x;
CA_MINE_minerai_L2_desc;The construction of a shaft extending deep underground allows for more ore to be extracted and lifted to the surface by ingenious elevators and sturdy cranes.;L'excavation s'est agrandie et des galeries partent dans plusieurs directions qui suivent les veines, permettant une production croissante qui pourra être transformée dans une forge.;;;;;;;;;;;;x;
CA_MINE_minerai_L3;Raw Ores: Extensive Shaft Mining;MINERAI : Grande Mine;;;;;;;;;;;;x;
CA_MINE_minerai_L3_desc;The construction of an extensive tunnel network and the machinery needed to lift large loads of ore to the surface have greatly increased productivity to supply the production of arms and tools, but also make mining much more dangerous and a few lives are claimed every year.;Maintenant, une vraie mine soutenue par des étais a été creusée. Les risques d'éboulement sont diminués et les mineurs peuvent travailler plus sereinement. Le minerai extrait en bonnes quantités pourra dès lors fournir le métal nécessaire à la fabrication d'armes et outils.;;;;;;;;;;;;x;
#FISH pêche (côtes);;;;;;;;;;;;;;;x
CA_FISH_peche_L1;Fishing: Fishing Piers;PECHE : Ponton;;;;;;;;;;;;x;
CA_FISH_peche_L1_desc;A small pier has been constructed to accommodate the emergence of a small fishing village. Some fish are caught here, but the waters are still teeming with wildlife and could yield even more were there more infrastructure to support local fishing.;Un ponton a été construit afin d'y accueillir quelques barques de pêcheurs.;;;;;;;;;;;;x;
CA_FISH_peche_L2;Fishing: Fishing Quay;PECHE : Quai;;;;;;;;;;;;x;
CA_FISH_peche_L2_desc;The pier has been renovated into a quay capable of accommodating a sizeable flotilla of small fishing craft. The yield has increased considerably and can easily feed the local populace and leave a surplus for the salting and smoking industries;Le ponton a été transformé en un quai et peut maintenant accueillir une flotille de pêche ramenant suffisamment de poissons tant pour nourrir la population locale qu'alimenter les activités de salage et fumage de la région.;;;;;;;;;;;;x;
CA_FISH_peche_L3;Fishing: Fishing Harbor;PECHE : Port;;;;;;;;;;;;x;
CA_FISH_peche_L3_desc;The quay has been expanded into a bustling harbor and the fishing industry is booming here.;C'est maintenant un port fourmillant d'activités et accueillant une pêche abondante qui est installé sur le site.;;;;;;;;;;;;x;
#FISH pisciculture (terres);;;;;;;;;;;;;;;x
CA_FISH_pisci_L1;Freshwater Fish: Artificial Lake;PISCICULTURE : Élevage en Rivière;;;;;;;;;;;;x;
CA_FISH_pisci_L2;Freshwater Fish: Fish Farms;PISCICULTURE : Étang Aménagé;;;;;;;;;;;;x;
#CA_FISH_pisci_L3;PISCICULTURE : Ferme Piscicole;PISCICULTURE : Ferme Piscicole;Ferme Piscicole;;;;;;;;;;;x;
CA_AGRI_moulin_L1;Flour: Horse Mill;;;;;;;;;;;;;x
CA_AGRI_moulin_L1_desc;;;;;;;;;;;;;;x
CA_AGRI_moulin_L2;Flour: Windmill;;;;;;;;;;;;;x
CA_AGRI_moulin_L2_desc;;;;;;;;;;;;;;x
CA_AGRI_moulin_L3;Flour: Watermill;;;;;;;;;;;;;x
CA_AGRI_moulin_L3_desc;;;;;;;;;;;;;;x
CA_AGRI_boulangerie_L1;Bread: Clay Kiln;;;;;;;;;;;;;x
CA_AGRI_boulangerie_L1_desc;;;;;;;;;;;;;;x
CA_AGRI_boulangerie_L2;Bread: Bakery;;;;;;;;;;;;;x
CA_AGRI_boulangerie_L2_desc;;;;;;;;;;;;;;x
CA_AGRI_boulangerie_L3;Bread: Bakers' Guild;;;;;;;;;;;;;x
CA_AGRI_boulangerie_L3_desc;;;;;;;;;;;;;;x
CA_FISH_fumoir_L1;Smoked Fish: Fishmonger's Smokehouse;;;;;;;;;;;;;x
CA_FISH_fumoir_L1_desc;;;;;;;;;;;;;;x
CA_FISH_fumoir_L2;Smoked Fish: Curing Shed;;;;;;;;;;;;;x
CA_FISH_fumoir_L2_desc;;;;;;;;;;;;;;x
CA_FISH_fumoir_L3;Smoked Fish: Communal Smokehouse;;;;;;;;;;;;;x
CA_FISH_fumoir_L3_desc;;;;;;;;;;;;;;x
CA_scierie_L1;Lumber: Man-powered Sawmill;;;;;;;;;;;;;x
CA_scierie_L1_desc;;;;;;;;;;;;;;x
CA_scierie_L2;Lumber: Hydro-powered Sawmill;;;;;;;;;;;;;x
CA_scierie_L2_desc;;;;;;;;;;;;;;x
CA_scierie_L3;Lumber: Carriage Sawmill;;;;;;;;;;;;;x
CA_scierie_L3_desc;;;;;;;;;;;;;;x
CA_four_L1;Glass: Glassmaker's Furnace;;;;;;;;;;;;;x
CA_four_L1_desc;;;;;;;;;;;;;;x
CA_four_L2;Glass: Glass Manufactory;;;;;;;;;;;;;x
CA_four_L2_desc;;;;;;;;;;;;;;x
CA_four_L3;Glass: Forest Glass Manufactory;;;;;;;;;;;;;x
CA_four_L3_desc;;;;;;;;;;;;;;x
CA_pierre_taille_L1;Worked Stone: Stonemasons Lodge;;;;;;;;;;;;;x
CA_pierre_taille_L1_desc;;;;;;;;;;;;;;x
CA_pierre_taille_L2;Worked Stone: Stonemason Camp;;;;;;;;;;;;;x
CA_pierre_taille_L2_desc;;;;;;;;;;;;;;x
CA_pierre_taille_L3;Worked Stone: Stonemasons' Guild;;;;;;;;;;;;;x
CA_pierre_taille_L3_desc;;;;;;;;;;;;;;x
CA_fonderie_L1;Iron: Smelter;;;;;;;;;;;;;x
CA_fonderie_L1_desc;;;;;;;;;;;;;;x
CA_fonderie_L2;Iron: Foundry;;;;;;;;;;;;;x
CA_fonderie_L2_desc;;;;;;;;;;;;;;x
CA_fonderie_L3;Iron: Finery Forge;;;;;;;;;;;;;x
CA_fonderie_L3_desc;;;;;;;;;;;;;;x
CA_outilleur_L1;Tools: Catalan Forge;;;;;;;;;;;;;x
CA_outilleur_L1_desc;;;;;;;;;;;;;;x
CA_outilleur_L2;Tools: Bloomery;;;;;;;;;;;;;x
CA_outilleur_L2_desc;;;;;;;;;;;;;;x
CA_outilleur_L3;Tools: Blast Furnace;;;;;;;;;;;;;x
CA_outilleur_L3_desc;;;;;;;;;;;;;;x
CA_armurerie_L1;Arms: Wrought Iron Weaponsmith;;;;;;;;;;;;;x
CA_armurerie_L1_desc;;;;;;;;;;;;;;x
CA_armurerie_L2;Arms: Cast Iron Weaponsmith;;;;;;;;;;;;;x
CA_armurerie_L2_desc;;;;;;;;;;;;;;x
CA_armurerie_L3;Arms: Steel Weaponsmith;;;;;;;;;;;;;x
CA_armurerie_L3_desc;;;;;;;;;;;;;;x
CA_atelier_L1;Spun Cloth: Weaver's Workshop;;;;;;;;;;;;;x
CA_atelier_L1_desc;;;;;;;;;;;;;;x
CA_atelier_L2;Spun Cloth: Weavers' Manufactory;;;;;;;;;;;;;x
CA_atelier_L2_desc;;;;;;;;;;;;;;x
CA_atelier_L3;Spun Cloth: Clothmakers' Guild;;;;;;;;;;;;;x
CA_atelier_L3_desc;;;;;;;;;;;;;;x
CA_draperie_L1;Textiles: Dyer's Workshop;;;;;;;;;;;;;x
CA_draperie_L1_desc;;;;;;;;;;;;;;x
CA_draperie_L2;Textiles: Dyers' Manufactory;;;;;;;;;;;;;x
CA_draperie_L2_desc;;;;;;;;;;;;;;x
CA_draperie_L3;Textiles: Drapers' Guild;;;;;;;;;;;;;x
CA_draperie_L3_desc;;;;;;;;;;;;;;x
CA_ELEV_cheval_L1;Steppe Horses: Grazing Pastures;;;;;;;;;;;;;x
CA_ELEV_cheval_L1_desc;;;;;;;;;;;;;;x
CA_ELEV_cheval_L2;Steppe Horses: Horse Breeders;;;;;;;;;;;;;x
CA_ELEV_cheval_L2_desc;;;;;;;;;;;;;;x
CA_ELEV_cheval_L3;Steppe Horses: Equestrian Training Yard;;;;;;;;;;;;;x
CA_ELEV_cheval_L3_desc;;;;;;;;;;;;;;x
#;;;;;;;;;;;;;;x;
#;-Villes-;-Villes-;;;;;;;;;;;;;x
#;;;;;;;;;;;;;;x;
#FERME CEREALIERE (plaine et terres arables);;;;;;;;;;;;;;;x
CT_AGRI_cereale_L1;Cereals: Land Clearance;CEREALES : Plaine Défrichée;;;;;;;;;;;;x;
CT_AGRI_cereale_L1_desc;This land has been cleared and prepared for the large-scale cultivation of cereals.;Ce terrain a été défriché et devrait bientôt pouvoir produire des céréales.;;;;;;;;;;;x
CT_AGRI_cereale_L2;Cereals: Cultivated Fields;CEREALES : Champs Cultivés;;;;;;;;;;;;x;
CT_AGRI_cereale_L2_desc;This land supports the large-scale cultivation of multiple crops of cereals according to the rhythm of the seasons.;Ce terrain comporte maintenant plusieurs champs cultivés où se succèdent les assolements triennaux céréaliers au fil des saisons.;;;;;;;;;;;;x;
CT_AGRI_cereale_L3;Cereals: Farming Estates;CEREALES : Exploitation Agricole;;;;;;;;;;;;x;
CT_AGRI_cereale_L3_desc;The local communal government holds authority over multiple estates upon which laborers toil to cultivate a vast surplus of cereals.;Ce qui était naguère un tas de broussailles est maintenant une exploitation agricole où la culture de la céréale est menée de main de maître.;;;;;;;;;;;;x;
#VERGER (côteaux);;;;;;;;;;;;;;;x
CT_AGRI_verger_L1;Fruits: Small Orchards;FRUITS : Vergers Épars;;;;;;;;;;;;x
CT_AGRI_verger_L1_desc;Small orchards tended to by a few dozen workers dot the countryside, but more fertile land is available for  large-scale cultivation.;;;;;;;;;;;;;x
CT_AGRI_verger_L2;Fruits: Large Orchards;FRUITS : Grands Vergers;;;;;;;;;;;;x
CT_AGRI_verger_L2_desc;Through considerable investments in expanding the scale of production, large orchards now span the many hills and fields of this province.;;;;;;;;;;;;x
CT_AGRI_verger_L3;Fruits: Communal Orchards;FRUITS : Vergers Communaux;;;;;;;;;;;;x
CT_AGRI_verger_L3_desc;The communal government has expanded the majority of the fruit orchards in this province. Thousands of laborers now toil in the groves harvesting fruit from trees bending under their own weight to send to market.;Les vergers couvrent à présent une bonne partie des côteaux et les arbres plient sous le poids de leurs fruits abondants.;;;;;;;;;;;;x;
#ELEVAGE bovin;;;;;;;;;;;;;;;x
CT_ELEV_bovin_L1;Cattle: Pasturages;BETAIL : Pré;;;;;;;;;;;;x;
CT_ELEV_ovin_L1a_desc;Putting cattle out to pasture on the vast grazing lands in this province forms the foundation of a stable economy, but land use is inefficient and there is more than enough land to support larger herds.;Un pré pour les bovins a été délimité.;;;;;;;;;;;;x;
CT_ELEV_bovin_L2;Cattle: Enclosures;BETAIL : Enclos à ovins;;;;;;;;;;;;x;
CT_ELEV_ovin_L2a_desc;Enclosing cattle herds allows more efficient use of grazing lands as well as better protection from predators and rustlers.;Sur le pré, un ensemble de barrière formant un enclos a été établi.;;;;;;;;;;;;x;
CT_ELEV_bovin_L3;Cattle: Cattle Pens;BETAIL : Étable;;;;;;;;;;;;x;
CT_ELEV_ovin_L3a_desc;Keeping the cattle penned reduces the risk of losing them to theft or predators. The establishment of proper infrastructure for the breeding and cultivation of large herds of cattle has delivered significant returns.;Une étable accueillant les bêtes pour la nuit a été batie.;;;;;;;;;;;;x;
#BOIS (plaine + foret );;;;;;;;;;;;;;;x
CT_BOIS_bois_L1;Timber: Woodcutters' Lodges;BOIS : Site de Coupe;;;;;;;;;;;;x;
CT_BOIS_bois_L1_desc;Small lodges support a few dozen lumberjacks at a time as they chip slowly at the woodlands of the region, supplying only barely what is needed to sustain local industries.;;;;;;;;;;;;;x;
CT_BOIS_bois_L2;Timber: Logging Camp;BOIS : Camp de Bûcherons;;;;;;;;;;;;x;
CT_BOIS_bois_L2_desc;Larger camps of loggers have opened up and teams of lumberjacks are making their way deeper into the woods. Logs are piling up faster than the oxen can transport them back to the city.;;;;;;;;;;;;;x;
CT_BOIS_bois_L3;Timber: Lumber Mill;BOIS : Exploitation ForestiÃ¨re;;;;;;;;;;;;x;
CT_BOIS_bois_L3_desc;The construction of lumber mills have greatly increased productivity and lessened the logistical burden of hauling uncut logs to the cities for processing. Small villages springing up next to these facilities provide more labor and support for the hundreds of loggers employed throughout the province.;;;;;;;;;;;;;x;
#CHARBON DE BOIS (foret);;;;;;;;;;;;;;;x
CT_BOIS_charbon_L1;Charcoal: Colliers' Huts;CHARBON DE BOIS : Charbonnière Improvisée;;;;;;;;;;;;x;
CT_BOIS_charbon_L2;Charcoal: Coal-firing Kilns;CHARBON DE BOIS : Charbonnière Permanente;;;;;;;;;;;;x;
CT_BOIS_charbon_L3;Charcoal: Communal Kilns: Charbonnière Seigneuriale;CHARBON DE BOIS : Charbonnière Communnale;;;;;;;;;;;;x;
#CARRIERE pierre (montagne + côteau);;;;;;;;;;;;;;;x
CT_CARR_pierre_L1;Stone: Open-cast Quarry;PIERRE : Carrière sommaire;;;;;;;;;;;;x;
CA_CARR_pierre_L1_desc;Stone is mined here in significant quantities, but surveyors have discovered veins that run deep into the soil. Perhaps an expansion of operations underground might be in order.;L'exploitation consiste surtout à casser des rochers plus gros dans un éboulis ou un affleurement rocheux d'une colline. On y extrait péniblement roches et remblais qui seront utilisés localement.;;;;;;;;;;;;x;
CT_CARR_pierre_L2;Stone: Shallow Shaft Mining;PIERRE : Front de taille;;;;;;;;;;;;x;
CA_CARR_pierre_L2_desc;The construction of a shaft extending deep underground allows for more stone to be extracted in blocks and lifted to the surface by ingenious elevators and sturdy cranes.;L'intensification de l'extraction a formé cette paroi verticale ouverte dans ce flanc de plateau, permettant d'extraire de la pierre en gros bloc qui pourront donner une belle pierre de taille.;;;;;;;;;;;;x;
CT_CARR_pierre_L3;Stone: Extensive Shaft Mining;PIERRE : Grande Carrière;;;;;;;;;;;;x;
CA_CARR_pierre_L3_desc;The construction of an extensive tunnel network and the machinery needed to lift large blocks of stone to the surface have greatly increased productivity to supply the construction of fortifications and cathedrals, but also make mining much more dangerous and a few lives are claimed every year.;Ce site carrier fournit l'ensemble de la région en pierre de qualité qui sert notamment à l'édification de fortifications ou contructions telles les églises et cathédrales.;;;;;;;;;;;;x;
#MINE minerai sel(montagne + côteau + désert);;;;;;;;;;;;;;;x
CT_MINE_sel_L1;Salt: Brine Pits;SEL : Puits de Saumure;;;;;;;;;;;;x;
CT_MINE_sel_L2;Salt: Salt Furnace;SEL : Chaudière;;;;;;;;;;;;x;
CT_MINE_sel_L3;Salt: Salt Mine;SEL : Saline;;;;;;;;;;;;x;
CT_MINE_sel_L4;Salt: Expanded Salt Mines;SEL : Saline Fortifiée;;;;;;;;;;;;x;
CT_MINE_sel_L5;Salt: Major Salt Mines;SEL : Grande Saline;;;;;;;;;;;;x;
#MINE minerai or(désert);;;;;;;;;;;;;;;x
CT_MINE_or_L1;Gold: Open-cast Mine;OR : Mine sommaire;;;;;;;;;;;;;x
CT_MINE_or_L2;Gold: Shallow Shaft Mining;OR : Petite excavation;;;;;;;;;;;;;x
CT_MINE_or_L3;Gold: Extensive Shaft Mining;OR : Grande mine;;;;;;;;;;;;;x
#MINE minerai cuivre(désert);;;;;;;;;;;;;;;x
CT_MINE_cuivre_L1;Copper: Open-cast Mine;CUIVRE : Mine sommaire;;;;;;;;;;;;;x
CT_MINE_cuivre_L2;Copper: Shallow Shaft Mining;CUIVRE : Petite excavation;;;;;;;;;;;;;x
CT_MINE_cuivre_L3;Copper: Extensive Shaft Mining;CUIVRE : Grande mine;;;;;;;;;;;;;x
#FISH pêche (côtes);;;;;;;;;;;;;;;x
CT_FISH_peche_L1;Fishing: Fishing Piers;PECHE : Ponton;;;;;;;;;;;;x;
CT_FISH_peche_L1_desc;A small pier has been constructed to accommodate the emergence of a small fishing village. Some fish are caught here, but the waters are still teeming with wildlife and could yield even more were there more infrastructure to support local fishing.;Un ponton a été construit afin d'y accueillir quelques barques de pêcheurs.;;;;;;;;;;;;x;
CT_FISH_peche_L2;Fishing: Fishing Quay;PECHE : Quai;;;;;;;;;;;;x;
CT_FISH_peche_L2_desc;The pier has been renovated into a quay capable of accommodating a sizeable flotilla of small fishing craft. The yield has increased considerably and can easily feed the local populace and leave a surplus for the salting and smoking industries;Le ponton a été transformé en un quai et peut maintenant accueillir une flotille de pêche ramenant suffisamment de poissons tant pour nourrir la population locale qu'alimenter les activités de salage et fumage de la région.;;;;;;;;;;;;x;
CT_FISH_peche_L3;Fishing: Fishing Harbor;PECHE : Port;;;;;;;;;;;;x;
CT_FISH_peche_L3_desc;The quay has been expanded into a bustling harbor and the fishing industry is booming here.;C'est maintenant un port fourmillant d'activités et accueillant une pêche abondante qui est installé sur le site.;;;;;;;;;;;;x;
#VIN (coteaux);;;;;;;;;;;;;;x;
CT_chai_L1;Wine: Cultivated Vineyards;VIN : Chai Modeste;;;;;;;;;;;;x;
CT_chai_L2;Wine: Modest Winery;VIN : Chai Agrandi;;;;;;;;;;;;x;
CT_chai_L3;Wine: Expanded Winery;VIN : Grand Chai;;;;;;;;;;;;x;
CT_chai_L4;Wine: Reputable Winery;VIN : Chai Réputé;;;;;;;;;;;;x;
CT_chai_L5;Wine: Famed Winery;VIN : Chai de Haute Renommée;;;;;;;;;;;;x;
#BIERE;;;;;;;;;;;;;;x;
CT_brasserie_L1;Beer: Cultivated Hops;BIERE : Brasserie Modeste;;;;;;;;;;;;x;
CT_brasserie_L2;Beer: Modest Brewery;BIERE : Brasserie Agrandie;;;;;;;;;;;;x;
CT_brasserie_L3;Beer: Expanded Brewery;BIERE : Grande Brasserie;;;;;;;;;;;;x;
CT_brasserie_L4;Beer: Reputable Brewery;BIERE : Brasserie Réputée;;;;;;;;;;;;x;
CT_brasserie_L5;Beer: Famed Brewery;BIERE : Brasserie de Haute Renommée;;;;;;;;;;;;x;
#;x;x;;;;;;;;;;;;x
#;x;DEBUT AJOUT MOUCHI;;;;;;;;;;;;x
CT_AGRI_moulin_L1;Flour: Water-powered Mill;FARINE : Moulin à aubes;;;;;;;;;;;;x
CT_AGRI_moulin_L1_desc;A modest watermill placed along the bank of the river.;Un modeste moulin à eau placé le long de la rive.;;;;;;;;;;;;x
CT_AGRI_moulin_L2;Flour: Waterwheel Mill;FARINE : Moulin à noria;;;;;;;;;;;;x
CT_AGRI_moulin_L2_desc;The watermill makes use of a massive wheel which serves to turn the grindstone ;Le moulin à eau est ici doté d'une immense roue appelée noria, bien plus efficace.;;;;;;;;;;;;x
CT_AGRI_moulin_L3;Flour: Modest Urban Mill;FARINE : Grand moulin citadin;;;;;;;;;;;;x
CT_AGRI_moulin_L3_desc;The construction of a small canal to assure a regular flow of water to power the mill has increased its production.;L'installation au bord la rivière est ici alimentée par un petit canal dédié qui assure un débit régulier et ainsi une bien meilleure production.;;;;;;;;;;;;x
CT_AGRI_moulin_L4;Flour: Expanded Urban Mill;FARINE : Grands moulins urbains;;;;;;;;;;;;x
CT_AGRI_moulin_L4_desc;The recent installations have expanded the mill in size and capacity, allowing the mill to produce flour in large quantities.;Les installations ici sont de taille et produisent une bonne farine en quantité.;;;;;;;;;;;;x
CT_AGRI_moulin_L5;Flour: Great Urban Mill;FARINE: Grands moulins;;;;;;;;;;;;x
CT_AGRI_moulin_L5_desc;This massive mill makes use of multiple wheels, and dedicated canal, and a sizeable workforce to produce an extremely fine flour, used only in the best bakeries in the city.;Le batiments massif qui accueille les moulins est alimenté par un canal dédié et équipé de grandes roues. La farine produite est très fine et très blanche.\n Elle fait le bonheur des maîtres boulangers et la fierté de la cité.;;;;;;;;;;;;x
CT_AGRI_boulangerie_L1;Bread: Bakers' Shops;;;;;;;;;;;;;x
CT_AGRI_boulangerie_L1_desc;;;;;;;;;;;;;;x
CT_AGRI_boulangerie_L2;Bread: Baker's Street;;;;;;;;;;;;;x
CT_AGRI_boulangerie_L2_desc;;;;;;;;;;;;;;x
CT_AGRI_boulangerie_L3;Bread: Baker's Guild;;;;;;;;;;;;;x
CT_AGRI_boulangerie_L3_desc;;;;;;;;;;;;;;x
CT_ELEV_boucherie_L1;Beef: Butcher Shops;;;;;;;;;;;;;x
CT_ELEV_boucherie_L1_desc;;;;;;;;;;;;;;x
CT_ELEV_boucherie_L2;Beef: Slaughterhouse;;;;;;;;;;;;;x
CT_ELEV_boucherie_L2_desc;;;;;;;;;;;;;;x
CT_ELEV_boucherie_L3;Butchers' Guild;;;;;;;;;;;;;x
CT_ELEV_boucherie_L3_desc;;;;;;;;;;;;;;x
CT_FISH_fumoir_L1;Smoked Fish: Fishmongers' Shops;;;;;;;;;;;;;x
CT_FISH_fumoir_L1_desc;;;;;;;;;;;;;;x
CT_FISH_fumoir_L2;Smoked Fish: Communal Smokehouse;;;;;;;;;;;;;x
CT_FISH_fumoir_L2_desc;;;;;;;;;;;;;;x
CT_FISH_fumoir_L3;Smoked Fish: Fishmongers' Guild;;;;;;;;;;;;;x
CT_FISH_fumoir_L3_desc;;;;;;;;;;;;;;x
CT_tannerie_L1;Leather: Tanners' Shop;;;;;;;;;;;;;x
CT_tannerie_L1_desc;;;;;;;;;;;;;;x
CT_tannerie_L2;Leather: Modest Tannery;;;;;;;;;;;;;x
CT_tannerie_L2_desc;;;;;;;;;;;;;;x
CT_tannerie_L3;Leather: Expanded Tannery;;;;;;;;;;;;;x
CT_tannerie_L3_desc;;;;;;;;;;;;;;x
CT_tannerie_L4;Leather: Tanners' Commune;;;;;;;;;;;;;x
CT_tannerie_L4_desc;;;;;;;;;;;;;;x
CT_tannerie_L5;Leather: Tanners' Guild;;;;;;;;;;;;;x
CT_tannerie_L5_desc;;;;;;;;;;;;;;x
CT_scierie_L1;Lumber: Hydro-powered Sawmill;;;;;;;;;;;;;;x
CT_scierie_L1_desc;;;;;;;;;;;;;;x
CT_scierie_L2;Lumber: Water-wheeled Sawmill;;;;;;;;;;;;;x
CT_scierie_L2_desc;;;;;;;;;;;;;;x
CT_scierie_L3;Lumber: Carriage Sawmill;;;;;;;;;;;;;x
CT_scierie_L3_desc;;;;;;;;;;;;;;x
CT_scierie_L4;Lumber: Modest Lumber Mill;;;;;;;;;;;;;x
CT_scierie_L4_desc;;;;;;;;;;;;;;x
CT_scierie_L5;Lumber: Expanded Lumber Mill;;;;;;;;;;;;;x
CT_scierie_L5_desc;;;;;;;;;;;;;;x
CT_four_L1;Glass: Glaziers' Shops;;;;;;;;;;;;;x
CT_four_L1_desc;;;;;;;;;;;;;;x
CT_four_L2;Glass: Modest Glass Manufactory;;;;;;;;;;;;;x
CT_four_L2_desc;;;;;;;;;;;;;;x
CT_four_L3;Glass: Expanded Glass Manufactory;;;;;;;;;;;;;x
CT_four_L3_desc;;;;;;;;;;;;;;x
CT_four_L4;Glass: Forest Glass Manufactory;;;;;;;;;;;;;x
CT_four_L4_desc;;;;;;;;;;;;;;x
CT_four_L5;Glass: Glaziers' Guild;;;;;;;;;;;;;x
CT_four_L5_desc;;;;;;;;;;;;;;x
CT_pierre_taille_L1;Worked Stone: Stonemasons Lodge;;;;;;;;;;;;;x
CT_pierre_taille_L1_desc;;;;;;;;;;;;;;x
CT_pierre_taille_L2;Worked Stone: Banker Masons' Workshop;;;;;;;;;;;;;x
CT_pierre_taille_L2_desc;;;;;;;;;;;;;;x
CT_pierre_taille_L3;Worked Stone: Stonecarvers' Workshop;;;;;;;;;;;;;x
CT_pierre_taille_L3_desc;;;;;;;;;;;;;;x
CT_pierre_taille_L4;Worked Stone: Stonemasons' Guild;;;;;;;;;;;;;x
CT_pierre_taille_L4_desc;;;;;;;;;;;;;;x
CT_pierre_taille_L5;Worked Stone: Freemasons' Guild;;;;;;;;;;;;;x
CT_pierre_taille_L5_desc;;;;;;;;;;;;;;x
CT_sel_raffine_L1;Refined Salt: Salt Panning Workshops;;;;;;;;;;;;;x
CT_sel_raffine_L1_desc;;;;;;;;;;;;;;x
CT_sel_raffine_L2;Refined Salt: Modest Salt Refinery;;;;;;;;;;;;;x
CT_sel_raffine_L2_desc;;;;;;;;;;;;;;x
CT_sel_raffine_L3;Refined Salt: Expanded Salt Refinery;;;;;;;;;;;;;x
CT_sel_raffine_L3_desc;;;;;;;;;;;;;;x
CT_sel_raffine_L4;Refined Salt: Urban Salt Refinery;;;;;;;;;;;;;x
CT_sel_raffine_L4_desc;;;;;;;;;;;;;;x
CT_sel_raffine_L5;Refined Salt: Major Urban Refinery;;;;;;;;;;;;;x
CT_sel_raffine_L5_desc;;;;;;;;;;;;;;x
CT_saline_L1;Salt: Brine Pits;;;;;;;;;;;;;x
CT_saline_L1_desc;;;;;;;;;;;;;;x
CT_saline_L2;Salt: Salt Furnace;;;;;;;;;;;;;x
CT_saline_L2_desc;;;;;;;;;;;;;;x
CT_saline_L3;Salt: Modest Salt Mines;;;;;;;;;;;;;x
CT_saline_L3_desc;;;;;;;;;;;;;;x
CT_saline_L4;Salt: Expanded Salt Mines;;;;;;;;;;;;;x
CT_saline_L4_desc;;;;;;;;;;;;;;x
CT_saline_L5;Major Urban Salt Mines;;;;;;;;;;;;;x
CT_saline_L5_desc;;;;;;;;;;;;;;x
#;x;x;;;;;;;;;;;;x
#;x;FIN AJOUT MOUCHI;;;;;;;;;;;;x
#;;;;;;;;;;;;;;x;
#;-Temples-;-Temples-;;;;;;;;;;;;;x
#;;;;;;;;;;;;;;x;
#FERME CEREALIERE (terres arables);;;;;;;;;;;;;;;x
TP_AGRI_cereale_L1;Cereals: Land Clearance;CEREALES : Plaine Défrichée;;;;;;;;;;;;x;
TP_AGRI_cereale_L1_desc;This land has been cleared and prepared for the large-scale cultivation of cereals.;Ce terrain a été défriché et devrait bientôt pouvoir produire des céréales.;;;;;;;;;;;x
TP_AGRI_cereale_L2;Cereals: Cultivated Fields;CEREALES : Champs Cultivés;;;;;;;;;;;;x;
CT_AGRI_cereale_L2_desc;This land supports the large-scale cultivation of multiple crops of cereals according to the rhythm of the seasons.;Ce terrain comporte maintenant plusieurs champs cultivés où se succèdent les assolements triennaux céréaliers au fil des saisons.;;;;;;;;;;;;x;
TP_AGRI_cereale_L3;Cereals: Farming Estates;CEREALES : Exploitation Agricole;;;;;;;;;;;;x;
CT_AGRI_cereale_L3_desc;The local communal government holds authority over multiple estates upon which laborers toil to cultivate a vast surplus of cereals.;Ce qui était naguère un tas de broussailles est maintenant une exploitation agricole où la culture de la céréale est menée de main de maître.;;;;;;;;;;;;x;
#FERME MARAICHERE (plaine);;;;;;;;;;;;;;;x
TP_AGRI_maraichage_L1;Vegetables: Vegetable Garden;MARAICHAGE : Potagers;;;;;;;;;;;;x;
TP_AGRI_maraichage_L2;Vegetables: Vegetable Farm;MARAICHAGE : Ferme Maraîchère;;;;;;;;;;;;x;
TP_AGRI_maraichage_L3;Vegetables: Crop Rotation;MARAICHAGE : Exploitation Maraîchère;;;;;;;;;;;;x;
#VIGNOBLE (côteau);;;;;;;;;;;;;;;x
TP_AGRI_vigne_L1;Vineyards: Parcelled Land;VIGNE : Parcelles;;;;;;;;;;;;x;
TP_AGRI_vigne_L2;Vineyards: Modest Vineyards;VIGNE : Petit Vignoble;;;;;;;;;;;;x;
TP_AGRI_vigne_L3;Vineyards: Expanded Vineyards;VIGNE : Grand Vignoble;;;;;;;;;;;;x;
#ELEVAGE ovin;;;;;;;;;;;;;;;x
TP_ELEV_ovin_L1;Cheese: Pasturages;BETAIL : Pâturages;;;;;;;;;;;;x;
TP_ELEV_ovin_L1a_desc;Putting sheep out to pasture on the vast grazing lands in this province forms the foundation of a stable economy, but land use is inefficient and there is more than enough land to support larger herds.;Un endroit propice à la consommation de l'herbe, un met de choix pour les ovins sous la houlette des bergers et bergères venant des hameaux alentours.;;;;;;;;;;;;x;
TP_ELEV_ovin_L2;Cheese: Enclosures;BETAIL : Enclos à ovins;;;;;;;;;;;;x;
TP_ELEV_ovin_L2a_desc;Enclosing sheep herds allows more efficient use of grazing lands as well as better protection from predators and rustlers.;Un ensemble d'enclos a été construit de manière à concentrer davantage la production ovine et en faciliter la surveillance.;;;;;;;;;;;;x;
TP_ELEV_ovin_L3;Cheese: Sheep Pens;BETAIL : Bergerie;;;;;;;;;;;;x;
TP_ELEV_ovin_L3a_desc;Keeping the sheep penned reduces the risk of losing them to theft or predators. The establishment of proper infrastructure for the breeding and cultivation of large herds of sheep has delivered significant returns.;La bergerie accueillent les ovins pour la nuit et permet la fabrication de fromages.;;;;;;;;;;;;x;
#CHARBON DE BOIS (foret);;;;;;;;;;;;;;;x
TP_BOIS_charbon_L1;Charcoal: Colliers' Huts;CHARBON DE BOIS : Charbonnière Improvisée;;;;;;;;;;;;x;
TP_BOIS_charbon_L2;Charcoal: Coal-firing Kilns;CHARBON DE BOIS : Charbonnière Permanente;;;;;;;;;;;;x;
TP_BOIS_charbon_L3;Charcoal: Seigneurial Kilns;CHARBON DE BOIS : Charbonnière Seigneuriale;;;;;;;;;;;;x;
#FISH pisciculture (terres);;;;;;;;;;;;;;;x
TP_FISH_pisci_L1;Freshwater Fish: Artificial Lake;PISCICULTURE : Élevage en Rivière;;;;;;;;;;;;x;
TP_FISH_pisci_L2;Freshwater Fish: Fish Farms;PISCICULTURE : Étang Aménagé;;;;;;;;;;;;x;
TP_FISH_pisci_L3;Freshwater Fish: Fishery;PISCICULTURE : Ferme Piscicole;;;;;;;;;;;;x;
#VIN;;;;;;;;;;;;;;;x
TP_chai_L1;Wine: Cultivated Vineyards;VIN : Chai Modeste;;;;;;;;;;;;x;
TP_chai_L2;Wine: Modest Winery;VIN : Chai Agrandi;;;;;;;;;;;;x;
TP_chai_L3;Wine: Expanded Winery;VIN : Grand Chai;;;;;;;;;;;;x;
TP_chai_L4;Wine: Reputable Winery;VIN : Chai Réputé;;;;;;;;;;;;x;
TP_chai_L5;Wine: Famed Winery;VIN : Chai de Haute Renommée;;;;;;;;;;;;x;
#BIERE;;;;;;;;;;;;;;x;
TP_brasserie_L1;Beer: Cultivated Hops;BIERE : Brasserie Modeste;;;;;;;;;;;;x;
TP_brasserie_L2;Beer: Modest Brewery;BIERE : Brasserie Agrandie;;;;;;;;;;;;x;
TP_brasserie_L3;Beer: Expanded Brewery;BIERE : Grande Brasserie;;;;;;;;;;;;x;
TP_brasserie_L4;Beer: Reputable Brewery;BIERE : Brasserie Réputée;;;;;;;;;;;;x;
TP_brasserie_L5;Beer: Famed Brewery;BIERE : Brasserie de Haute Renommée;;;;;;;;;;;;x;
#CIDRE;;;;;;;;;;;;;;;x
TP_presse_L1;Cider: Fruit Press;CIDRE : Pressoir;;;;;;;;;;;;x;
TP_presse_L2;Cider: Cider Mill;CIDRE : Grande Presse;;;;;;;;;;;;x;
TP_presse_L3;Cider: Brewery;CIDRE : Cidrerie;;;;;;;;;;;;x;
#PEAUX;;;;;;;;;;;;;;;x
CT_COMM_peaux_L1;Furs: Furrier's Workshop;PEAUX : Atelier du Pelletier;;;;;;;;;;;;x;
CT_COMM_peaux_L2;Furs: Fur Trader Stall;PEAUX : Petite Echoppe;;;;;;;;;;;;x;
CT_COMM_peaux_L3;Furs: Renowned Fur Merchant;PEAUX : Echoppe Renommée;;;;;;;;;;;;x;
#JOYAUX;;;;;;;;;;;;;;;x
CT_COMM_joyaux_L1;Jewelry: Jewellers' Workshop;JOYAUX : Atelier;;;;;;;;;;;;x;
CT_COMM_joyaux_L2;Jewelry: Luxury Trader Stall;JOYAUX : Petite Echoppe;;;;;;;;;;;;x;
CT_COMM_joyaux_L3;Jewelry: Renowned Luxury Merchant;JOYAUX : Echoppe Renommée;;;;;;;;;;;;x;
#EPICES;;;;;;;;;;;;;;;x
CT_COMM_epices_L1;Spices: Modest Spice Mercant;EPICES : Petit Etal;;;;;;;;;;;;x;
CT_COMM_epices_L2;Spices: Established Spice Merchant;EPICES : Boutique;;;;;;;;;;;;x;
CT_COMM_epices_L3;Spices: Eastern Trading Company;EPICES : Marchand;;;;;;;;;;;;x;
#;x;x;;;;;;;;;;;;x
#;x;DEBUT AJOUT MOUCHI;;;;;;;;;;;;x
TP_AGRI_moulin_L1;Flour: Water-powered Mill;FARINE : Moulin à aubes;;;;;;;;;;;;x
TP_AGRI_moulin_L1_desc;A modest watermill placed along the bank of the river.;Un modeste moulin à eau placé le long de la rive.;;;;;;;;;;;;x
TP_AGRI_moulin_L2;Flour: Waterwheel Mill;FARINE : Moulin à noria;;;;;;;;;;;;x
TP_AGRI_moulin_L2_desc;The watermill makes use of a massive wheel which serves to turn the grindstone ;Le moulin à eau est ici doté d'une immense roue appelée noria, bien plus efficace.;;;;;;;;;;;;x
TP_AGRI_moulin_L3;Flour: Communal Mill;FARINE : Grand moulin citadin;;;;;;;;;;;;x
TP_AGRI_moulin_L3_desc;The construction of a small canal to assure a regular flow of water to power the mill has increased its production.;L'installation au bord la rivière est ici alimentée par un petit canal dédié qui assure un débit régulier et ainsi une bien meilleure production.;;;;;;;;;;;;x
TP_AGRI_boulangerie_L1;Bread: Bakers' Shops;;;;;;;;;;;;;x
TP_AGRI_boulangerie_L1_desc;;;;;;;;;;;;;;x
TP_AGRI_boulangerie_L2;Bread: Baker's Street;;;;;;;;;;;;;x
TP_AGRI_boulangerie_L2_desc;;;;;;;;;;;;;;x
TP_AGRI_boulangerie_L3;Bread: Baker's Guild;;;;;;;;;;;;;x
TP_AGRI_boulangerie_L3_desc;;;;;;;;;;;;;;x
TP_FISH_fumoir_L1;Smoked Fish: Fishmongers' Shops;;;;;;;;;;;;;x
TP_FISH_fumoir_L1_desc;;;;;;;;;;;;;;x
TP_FISH_fumoir_L2;Smoked Fish: Communal Smokehouse;;;;;;;;;;;;;x
TP_FISH_fumoir_L2_desc;;;;;;;;;;;;;;x
TP_FISH_fumoir_L3;Smoked Fish: Fishmongers' Guild;;;;;;;;;;;;;x
TP_FISH_fumoir_L3_desc;;;;;;;;;;;;;;x
TP_four_L1;Glass: Glaziers' Shops;;;;;;;;;;;;;x
TP_four_L1_desc;;;;;;;;;;;;;;x
TP_four_L2;Glass: Modest Glass Manufactory;;;;;;;;;;;;;x
TP_four_L2_desc;;;;;;;;;;;;;;x
TP_four_L3;Glass: Expanded Glass Manufactory;;;;;;;;;;;;;x
TP_four_L3_desc;;;;;;;;;;;;;;x
#;x;x;;;;;;;;;;;;x
#;x;FIN AJOUT MOUCHI;;;;;;;;;;;;x
#NIVEAU COMMERCIAL;;;;;;;;;;;;;;x;
#COMPTOIR_L1;COMMERCIAL PLACE;PLACE COMMERCIALE;;;;;;;;;;;;;x
#COMPTOIR_L1_desc;;Cette ville est reliée à un itinéraire commmercial, qu'il s'agisse d'un comptoir patricien ou d'une route terrestre ou fluviale. Cette situation privilégiée permet un meilleur développement de nos infrastructures commerciales.;;;;;;;;;;;;;x
#COMPTOIR_L2;COMMERCIAL NODE;NOEUD DE COMMERCE;;;;;;;;;;;;;x
#COMPTOIR_L2_desc;Cette cité est située au croisement de deux itinéraires commerciaux. Il peut s'agir de comptoirs patriciens ou de routes terrestres ou fluviales. Cette situation privilégiée permet un meilleur développement de nos infrastructures commerciales.;Cette cité est située au croisement de deux itinéraires commerciaux. Il peut s'agir de comptoirs patriciens ou de routes terrestres ou fluviales. Cette situation privilégiée permet un meilleur développement de nos infrastructures commerciales.;;;;;;;;;;;;;x
#COMPTOIR_L3;COMMERCIAL CENTRE;CENTRE DE COMMERCE;;;;;;;;;;;;;x
#COMPTOIR_L3_desc;;Cette cité se trouve au carrefour de pas moins de trois routes commerciales. Il peut s'agir de comptoirs patriciens ou de routes terrestres ou fluviales. Cette situation privilégiée permet un meilleur développement de nos infrastructures commerciales.;;;;;;;;;;;;;x
#;;;;;;;;;;;;;;x;
ca_town_1;Population: Hamlet;Hameau;;;;;;;;;;;;x
ca_town_1_desc;Requires §Y10§! buildings.;Requiert §Y10§! bâtiments au total.;;;;;;;;;;;;x
ca_town_2;Population: Village;Village;;;;;;;;;;;;x
ca_town_2_desc;Requires §Y15§! buildings.;Requiert §Y15§! bâtiments au total.;;;;;;;;;;;;x
ca_town_3;Population: Borough;Bourg;;;;;;;;;;;;x
ca_town_3_desc;Requires §Y20§! buildings.;Requiert §Y20§! bâtiments au total.;;;;;;;;;;;;x
ca_town_4;Population: Town;Ville;;;;;;;;;;;;x
ca_town_4_desc;Requires §Y25§! buildings.;Requiert §Y25§! bâtiments au total.;;;;;;;;;;;;x
ca_town_5;Population: City;Cité;;;;;;;;;;;;x
ca_town_5_desc;Requires §Y35§! buildings.;Requiert §Y35§! bâtiments au total;;;;;;;;;;;;x
CT_town_1;Population: Hamlet;Hameau;;;;;;;;;;;;x
CT_town_1_desc;Requires §Y10§! buildings.;Requiert §Y10§! bâtiments au total.;;;;;;;;;;;;x
CT_town_2;Population: Village;Village;;;;;;;;;;;;x
CT_town_2_desc;Requires §Y15§! buildings.;Requiert §Y15§! bâtiments au total.;;;;;;;;;;;;x
CT_town_3;Population: Borough;Bourg;;;;;;;;;;;;x
CT_town_3_desc;Requires §Y20§! buildings.;Requiert §Y20§! bâtiments au total.;;;;;;;;;;;;x
CT_town_4;Population: Town;Ville;;;;;;;;;;;;x
CT_town_4_desc;Requires §Y25§! buildings.;Requiert §Y25§! bâtiments au total.;;;;;;;;;;;;x
CT_town_5;Population: City;Cité;;;;;;;;;;;;x
ct_town_5_desc;Requires §Y30§! buildings.;Requiert §Y30§! bâtiments au total;;;;;;;;;;;;x
tp_town_1;Population: Hamlet;Hameau;;;;;;;;;;;;x
tp_town_1_desc;Requires §Y12§! buildings.;Requiert §Y12§! bâtiments au total.;;;;;;;;;;;;x
tp_town_2;Population: Village;Village;;;;;;;;;;;;x
tp_town_2_desc;Requires §Y17§! buildings.;Requiert §Y17§! bâtiments au total.;;;;;;;;;;;;x
tp_town_3;Population: Borough;Bourg;;;;;;;;;;;;x
tp_town_3_desc;Requires §Y22§! buildings.;Requiert §Y22§! bâtiments au total.;;;;;;;;;;;;x
tp_town_4;Population: Town;Ville;;;;;;;;;;;;x
tp_town_4_desc;Requires §Y26§! buildings.;Requiert §Y26§! bâtiments au total.;;;;;;;;;;;;x
tp_town_5;Population: City;Cité;;;;;;;;;;;;x
tp_town_5_desc;Requires §Y30§! buildings.;Requiert §Y30§! bâtiments au total;;;;;;;;;;;;x
#;;x;;;;;;;;;;;;x
ca_cathedrale_01;Cathedral, Building site overture;Cathédrale, Ouverture du chantier;;;;;;;;;;;;x
cathedrale_01_desc;When constructing a cathedral one must make decisions;Pour construire la cathédrale il faut en prendre la §Ydécision§!;;;;;;;;;;;;x
ca_cathedrale_02;Cathedral, Foundations;Cathédrale, Fondations;;;;;;;;;;;;x
ca_cathedrale_03;Proto-Cathedral;Proto-Cathédrale;;;;;;;;;;;;x
ca_cathedrale_04;Cathedral, Portal;Cathédrale, Portail;;;;;;;;;;;;x
ca_cathedrale_05;Cathedral, Magnificent Nave;Cathédrale, Nef Magnifique;;;;;;;;;;;;x
ca_cathedrale_06;Cathedral, Transept;Cathédrale, Transept;;;;;;;;;;;;x
ca_cathedrale_07;Cathedral, Northern Tower;Cathédrale, Tour Nord;;;;;;;;;;;;x
ca_cathedrale_08;Cathedral, Southern Tower;Cathédrale, Tour du Midi;;;;;;;;;;;;x
ca_cathedrale_09;Cathedral, Rose Window;Cathédrale, Grande Rosace;;;;;;;;;;;;x
ca_cathedrale_10;Cathedral, Feudal Chapel;Cathédrale, Chapelle Seigneuriale;;;;;;;;;;;;x
ca_cathedrale_11;Cathedral, Celestial Spire;Cathédrale, Flèche Céleste;;;;;;;;;;;;x
ca_cathedrale_12;Cathedral;Cathédrale;;;;;;;;;;;;x
ca_cathedrale_12_desc;;Cette cathédrale est enfin parachevée et fait rayonner la toute puissance divine sur les terres environnantes et par la même occasion procure au seigneur local la gloire et le fruit de la taxation du détenteur d'un tel édifice où affluent pélerins et pécheurs en quête de salut.;;;;;;;;;;;;x
ca_loge;;Loge;;;;;;;;;;;;x
loge_desc;;La loge permet aux ouvriers de travailler plus efficacement l'hiver.\nElle permet également de former les ouvriers.;;;;;;;;;;;;x
ca_hotel_pelerins;;Auberge des pélerins;;;;;;;;;;;;x
hotel_pelerins_desc;;L'auberge permet d'accueillir davantage de pélerins;;;;;;;;;;;;x
ca_guilde_sculpteur;;Guilde de sculpteurs;;;;;;;;;;;;x
guilde_sculpteur_desc;;La guilde de sculpteurs est une véritable organisation de sculpteurs.\nElle permet de gérer une activité rentable au délà de la construction de monuments.;;;;;;;;;;;;x
ca_guilde_fresquiste;;Guilde de fresquistes;;;;;;;;;;;;x
guilde_fresquiste_desc;;La guilde de fresquistes est une véritable organisation de fresquistes.\nElle permet de gérer une activité rentable au délà de la construction de monuments.;;;;;;;;;;;;x
ca_guilde_verrier;;Guilde de verriers;;;;;;;;;;;;x
guilde_verrier_desc;;La guilde de verriers est une véritable organisation de verriers.\nElle permet de gérer une activité rentable au délà de la construction de monuments.;;;;;;;;;;;;x
#;;x;;;;;;;;;;;;x
ct_cathedrale_01;Cathedral, Building site overture;Cathédrale, Ouverture du chantier;;;;;;;;;;;;x
ct_cathedrale_02;Cathedral, Fundations;Cathédrale, Fondations;;;;;;;;;;;;x
ct_cathedrale_03;Proto-Cathedral;Proto-Cathédrale;;;;;;;;;;;;x
ct_cathedrale_04;Cathedral, Portal;Cathédrale, Portail;;;;;;;;;;;;x
ct_cathedrale_05;Cathedral, Magnificent Nave;Cathédrale, Nef Magnifique;;;;;;;;;;;;x
ct_cathedrale_06;Cathedral, Transept;Cathédrale, Transept;;;;;;;;;;;;x
ct_cathedrale_07;Cathedral, Northern Tower;Cathédrale, Tour Nord;;;;;;;;;;;;x
ct_cathedrale_08;Cathedral, Southern Tower;Cathédrale, Tour du Midi;;;;;;;;;;;;x
ct_cathedrale_09;Cathedral, Rose Window;Cathédrale, Grande Rosace;;;;;;;;;;;;x
ct_cathedrale_10;Cathedral, Chime;Cathédrale, Carillon;;;;;;;;;;;;x
ct_cathedrale_11;Cathedral, Celestial Spire;Cathédrale, Flèche Céleste;;;;;;;;;;;;x
ct_cathedrale_12;Cathedral;Cathédrale;;;;;;;;;;;;x
ct_cathedrale_12_desc;This cathedral is finally completed and radiates divine omnipotence on the surrounding land also providing the local lord glory giving reason to the lords taxing in form of a building where pilgrims flock and sinners seek for salvation.;Cette cathédrale est enfin parachevée et fait rayonner la toute puissance divine sur les terres environnantes et par la même occasion procure au seigneur local la gloire et le fruit de la taxation du détenteur d'un tel édifice où affluent pélerins et pécheurs en quête de salut.;;;;;;;;;;;;x
ct_loge;;Loge;;;;;;;;;;;;x
ct_hotel_pelerins;;Auberge des pélerins;;;;;;;;;;;;x
ct_guilde_sculpteur;;Guilde de sculpteurs;;;;;;;;;;;;x
ct_guilde_fresquiste;;Guilde de fresquistes;;;;;;;;;;;;x
ct_guilde_verrier;;Guilde de verriers;;;;;;;;;;;;x
#;;x;;;;;;;;;;;;x
tp_cathedrale_01;Cathedral, Building site overture;Cathédrale, Ouverture du chantier;;;;;;;;;;;;x
tp_cathedrale_02;Cathedral, Foundations;Cathédrale, Fondations;;;;;;;;;;;;x
tp_cathedrale_03;Proto-Cathedral;Proto-Cathédrale;;;;;;;;;;;;x
tp_cathedrale_04;Cathedral, Portal;Cathédrale, Portail;;;;;;;;;;;;x
tp_cathedrale_05;Cathedral, Magnificent Nave;Cathédrale, Nef Magnifique;;;;;;;;;;;;x
tp_cathedrale_06;Cathedral, Transept;Cathédrale, Transept;;;;;;;;;;;;x
tp_cathedrale_07;Cathedral, Northern Tower;Cathédrale, Tour Nord;;;;;;;;;;;;x
tp_cathedrale_08;Cathedral, Southern Tower;Cathédrale, Tour du Midi;;;;;;;;;;;;x
tp_cathedrale_09;Cathedral, Rose Window;Cathédrale, Grande Rosace;;;;;;;;;;;;x
tp_cathedrale_10;Cathedral, Most Holy Chapel;Cathédrale, Très Sainte Chapelle;;;;;;;;;;;x;
tp_cathedrale_11;Cathedral, Celestial Spire;Cathédrale, Flèche Céleste;;;;;;;;;;;;x
tp_cathedrale_12;Cathedral;Cathédrale;;;;;;;;;;;;x
tp_cathedrale_12_desc;This cathedral is finally completed and radiates divine omnipotence on the surrounding land also providing the local lord glory giving reason to the lords taxing in form of a building where pilgrims flock and sinners seek for salvation.;Cette cathédrale est enfin parachevée et fait rayonner la toute puissance divine sur les terres environnantes et par la même occasion procure au seigneur local la gloire et le fruit de la taxation du détenteur d'un tel édifice où affluent pélerins et pécheurs en quête de salut.;;;;;;;;;;;;x
tp_loge;;Loge;;;;;;;;;;;;x
tp_hotel_pelerins;;Auberge des pélerins;;;;;;;;;;;;x
tp_guilde_sculpteur;;Guilde de sculpteurs;;;;;;;;;;;;x
tp_guilde_fresquiste;;Guilde de fresquistes;;;;;;;;;;;;x
tp_guilde_verrier;;Guilde de verriers;;;;;;;;;;;;x
#;;x;;;;;;;;;;;;x
#;;x;;;;;;;;;;;;x
FORT;Specialization: Citadel;CITADELLE;;;;;;;;;;;;x
FORT_desc;Designating this holding as a §YCitadel§! allows the holder to develop it from a military outpost to a veritable fortress, capable of supporting and protecting large numbers of highly-trained troops behind its impregnable walls.;Choisir cette voie mènera à développer ce domaine d'un simple poste frontière à un véritable fort, fournissant troupes en nombre et offrant une efficace protection derrière ses murs.;;;;;;;;;;x
FORT_muslim;Specialization: Kasbah;CITADELLE;;;;;;;;;;;;x
FORT_muslim_desc;Designating this holding as a §YKasbah§! allows the holder to develop it from a military outpost to a veritable fortress, capable of supporting and protecting large numbers of highly-trained troops behind its impregnable walls.;Choisir cette voie mènera à développer ce domaine d'un simple poste frontière à un véritable fort, fournissant troupes en nombre et offrant une efficace protection derrière ses murs.;;;;;;;;;;x
FORT_zoroastrian_group;Specialization: Kalat;CITADELLE;;;;;;;;;;;;x
FORT_zoroastrian_group_desc;Designating this holding as a §YKalat§! allows the holder to develop it from a military outpost to a veritable fortress, capable of supporting and protecting large numbers of highly-trained troops behind its impregnable walls.;Choisir cette voie mènera à développer ce domaine d'un simple poste frontière à un véritable fort, fournissant troupes en nombre et offrant une efficace protection derrière ses murs.;;;;;;;;;;x
FORT_pagan_group;Specialization: Stronghold;CITADELLE;;;;;;;;;;;;x
FORT_pagan_group_desc;Designating this holding as a §YStronghold§! allows the holder to develop it from a military outpost to a veritable fortress, capable of supporting and protecting large numbers of highly-trained troops behind its impregnable walls.;Choisir cette voie mènera à développer ce domaine d'un simple poste frontière à un véritable fort, fournissant troupes en nombre et offrant une efficace protection derrière ses murs.;;;;;;;;;;x
BOURGFEODAL;Specialization: Feudal Manor;BOURG FÉODAL ;;;;;;;;;;;;x
BOURGFEODAL_muslim;Specialization: Iqta Estate;BOURG FORTIFIÉ;;;;;;;;;;;;x
BOURGFEODAL_zoroastrian_group;Specialization: Dihqan Estate;BOURG FORTIFIÉ ;;;;;;;;;;;;x
BOURGFEODAL_pagan_group;Specialization: Clan Village;COMMUNAUTÉ PAYSANNE ;;;;;;;;;;;;x
BOURGFEODAL_desc;Designating this holding as a §YFeudal Manor§! allows the holder to focus solely on production of raw goods to be used by the local lord or sold in the markets. n/The manorial system places the peasants of the land as serfs bound to serve and pay tributes to a local lord in exchange for protection.;Le Bourg Féodal est le type de domaine le plus répandu. Il est le siège d'un château plus ou moins important et constitue donc un relais de votre autorité. C'est un domaine à dominance rurale tout ce qu'il a de plus commun.;;;;;;;;;;;;x
BOURGFEODAL_muslim_desc;Designating this holding as an §YIqta Estate§! allows the holder to focus solely on production of raw goods to be used by the local lord or sold in the markets. n/The iqta system considers the peasants of the land as freemen in theory, but a strong muqta could easily assert his authority over them to yield greater benefits.;Le Bourg Fortifié est le type de domaine le plus répandu. Il est le siège d'un château plus ou moins important et constitue donc un relais de votre autorité. C'est un domaine à dominance rurale tout ce qu'il a de plus commun.;;;;;;;;;;;;x
BOURGFEODAL_zoroastrian_group_desc;Designating this holding as a §YDihqan Estate§! allows the holder to focus solely on production of raw goods to be used by the local lord or sold in the markets. n/The traditional landowning dihqan class has always ruled over the peasantry with a firm hand, ensuring the prosperity of the realm.;Le Bourg Fortifié est le type de domaine le plus répandu. Il est le siège d'un château plus ou moins important et constitue donc un relais de votre autorité. C'est un domaine à dominance rurale tout ce qu'il a de plus commun.;;;;;;;;;;;;x
BOURGFEODAL_pagan_group_desc;Designating this holding as a §YClan Village§! allows the holder to focus solely on production of raw goods to be used by the local lord or sold in the markets. n/The traditional clan chiefs have always ruled over their kin with a firm hand, ensuring the prosperity of the realm.;Le Communauté Paysanne est le type de domaine le plus répandu. Il est le siège d'un château plus ou moins important et constitue donc un relais de votre autorité. C'est un domaine à dominance rurale tout ce qu'il a de plus commun.;;;;;;;;;;;;x
CITADELLE;Specialization: Administrative Center;CITE FORTIFIEE ;;;;;;;;;;;;x
CITADELLE_desc;Designating this holding as an §YAdministrative Center§! allows the holder to further develop the capacity of this province to serve as the regional capital. As such, it can support a large population and garrison behind thick, defensible walls to protect those living inside.;Cette cité abrite un centre de politique important et convient tout à fait pour y installer votre résidence et votre capitale. Elle abrite une population non négligeable, protégée derrière d'épais murs et défendue par une puissante garnison. C'est là aussi que se concentre votre pouvoir administratif... quand vous en avez un !;;;;;;;;;;x;;
CITE_L1;Urban Commune;BOURG COMMUNAL ;;;;;;;;;;;;x
CITE_L1_muslim;Medina Quarter;BOURG URBAIN ;;;;;;;;;;;;x
CITE_L1_zoroastrian_group;Market Town;BOURG URBAIN ;;;;;;;;;;;;x
CITE_L1_pagan_group;Market Village;VILLAGE ;;;;;;;;;;;;x
CITE_L1_desc;This burgeoning city is developing from a small market to a significant urban center. Under the wise leadership of an astute leader, it has the potential to become a major center of commerce, industry, and artisanry fueled by resources from trade and the surrounding land.;Cité mineure, relais de votre administration, elle abrite un centre de commerce et d'artisanat en plus des sources de revenus agricoles de la campagne avoisinante.;;;;;;;;;;x
CITE_L2;Regional Urban Center;PETITE CITÉ ;;;;;;;;;;;;x
CITE_L2_desc;This city has become the bedrock of the regional economy, connecting the local rural villages and attracting merchants from far and wide to peruse the wide selection of goods in the market square.;Une prometteuse cité qui commence à prendre de l'importance au niveau économique et démographique. Une bonne source de taxes en somme ! ;;;;;;;;;;x
CITE_L3;Major Urban Center;GRANDE CITÉ ;;;;;;;;;;;;x
CITE_L3_desc;This city has risen in prominence among the great municipalities of the realm and is renowned for its great wealth. Merchant caravans arrive in droves and the burghers' wealth rivals that of even the high nobility.;Une grande cité, riche et bien peuplée : une mine d'or mais bien gardée ! ;;;;;;;;;;x
VOC_INDUSTRIELLE;Specialization: Manufacturing and Artisanry;Production et artisanat;;;;;;;;;;;;x
VOC_INDUSTRIELLE_DESC;Specializing this holding as a center of §YManufacturing and Artisanry§! allows the holder to focus solely on the extraction and production of processed and luxury goods to be used by the local lord or exported for profit.;Cette cité s'est spécialisée dans l'extration et la production de matières premières ainsi que dans leur transformation. Elle en attire de bons revenus. ;;;;;;;;;;;;x
VOC_COMMERCIALE;Specialization: Trade and Commerce;Commerce et péages;;;;;;;;;;;;x
VOC_COMMERCIALE_DESC;Specializing this holding as a center of §YTrade and Commerce§! allows the holder to focus solely on facilitating and expanding the passage of numerous trade routes and the levying of tolls and taxes upon the droves of merchants flocking here seeking to make a generous profit.;Cette cité s'est spécilaisée dans les activités de commerce et retire des bénéfices par tous les moyens, marchés, foires, péages entre autres. ;;;;;;;;;;;;x
MONASTERE;Specialization: Monastic Town;MONASTÈRE ;;;;;;;;;;;;x
MONASTERE_desc;Specializing this holding as a §YMonastic Town§! allows the holder to facilitate the growth of a thriving monastic community. These humble, isolated institutions act as repositories of knowledge as well as tend to the people's illnesses and disease. Some orders are also actively involved in land reclamation and small-scale industry.;"Travail et Priére" : tel est le crédo de la vie monastique. Souvent isolés, les institutions monastiques sont les conservatoires du savoir et source d'éducation. Vous pouvez compter sur ces communautés pour leurs rôles dans le défrichement de terres nouvelles et également soigner les maux de tous.;;;;;;;;;;x
CITEEPISCOPALE;Specialization: Episcopal See;CITÉ ÉPISCOPALE ;;;;;;;;;;;;x
CITEEPISCOPALE_muslim;Specialization: Grand Mosque;CENTRE RELIGIEUX ;;;;;;;;;;;;x
CITEEPISCOPALE_zoroastrian_group;Specialization: Great Fire Temple;CENTRE RELIGIEUX ;;;;;;;;;;;;x
CITEEPISCOPALE_pagan_group;Specialization: Grand Temple;CENTRE RELIGIEUX ;;;;;;;;;;;;x
CITEEPISCOPALE_desc;Specializing this holding as an §YEpiscopal See§! allows the settlement to develop into a bastion of the faith. The influence of the local clergy headed by the bishop has facilitated the growth of a thriving town centered around the local church.;L'influence de l'évêque a érigé ce centre épiscopal en une fière cité pouvant tout à fait rivaliser en puissance et richesse avec la plupart des villes et châteaux de la région.;;;;;;;;;;x
CITEEPISCOPALE_muslim_desc;Specializing this holding as a §YGrand Mosque§! allows the settlement to develop into a bastion of the faith. The influence of the local clergy has facilitated the growth of a thriving town centered around a great mosque where the people gather to pray.;L'influence de le clergé a érigé ce centre religieux en une fière cité pouvant tout à fait rivaliser en puissance et richesse avec la plupart des villes et châteaux de la région.;;;;;;;;;;x
CITEEPISCOPALE_zoroastrian_group_desc;Specializing this holding as a §YGreat Fire Temple§! allows the settlement to develop into a bastion of the faith. The influence of the local clergy has facilitated the growth of a thriving town centered around a great temple where the people gather to pray.;L'influence de le clergé a érigé ce centre religieux en une fière cité pouvant tout à fait rivaliser en puissance et richesse avec la plupart des villes et châteaux de la région.;;;;;;;;;;x
CITEEPISCOPALE_pagan_group_desc;Specializing this holding as a §YGreat Temple§! allows the settlement to develop into a bastion of the faith. The influence of the local clergy has facilitated the growth of a thriving town centered around a great temple where the people gather to pray.;L'influence de le clergé a érigé ce centre religieux en une fière cité pouvant tout à fait rivaliser en puissance et richesse avec la plupart des villes et châteaux de la région.;;;;;;;;;;x
COMMANDERIE;COMMANDRY;COMMANDERIE ;;;;;;;;;;;;x
COMMANDERIE_desc;COMMANDRY;COMMANDERIE ;;;;;;;;;;;;x
REGLE_DE_1;Order: Regula Benedicti;Regula Benedicti;;;;;;;;;;;;x
REGLE_DE_1_desc;The Rule of Saint Benedict is a monastic rule written by Saint Benedict of Nursia to instruct his disciples in the way of monastic life. The unique Benedictine emphasis on autonomy include cultivating models of tightly bonded communities, contemplative lifestyles, as well as encouragement of manual labor. ;La Règle de saint Benoît est une règle monastique écrite par Benoît de Nursie pour guider ses disciples dans la vie monastique communautaire. L'idée générale est que les moines sont tous frères. La journée du moine est réglée en fonction de ce que saint Benoît appelle "Oeuvre de Dieu". Une partie est dédiée à la prière, l'autre au travail manuel et la dernière à l'enrichissement spirituel par l'étude et la lecture de l'Ecriture des Pères de l'Eglise.;;;;;;;;;;;;x
REGLE_DE_2;Order: Regula Augustini;Regula Augustini;;;;;;;;;;;;x
REGLE_DE_2_desc;The Rule of Saint Augustine is derived from a brief document divided into eight chapters and serves as an outline for religious life lived in community. The Rule governs chastity, poverty, obedience, detachment from the world, the apportionment of labour, the inferiors, fraternal charity, prayer in common, fasting and abstinence proportionate to the strength of the individual, care of the sick, silence and reading during meals.;La Règle de saint Augustin dérive de plusieurs écrits dont une lettre authentique d'Augustin d'Hippone. Elle est destinée à régler la vie d'une communauté d'hommes.;;;;;;;;;;;;x
REGLE_DE_3;Order: Regula Basili;Regula Basili;;;;;;;;;;;;x
REGLE_DE_3_desc;The "Rule" of Saint Basil refers to the principles of ascetic life followed by the Basilians, the most ancient of the monastic communities. While not an Order by the Western monastic definition, adherents live in small communities focused mainly upon prayer and contemplation isolated from the world.;La Règle de saint Basile est celle suivie par les basiliens, le plus ancien des ordres monastiques. Cet ordre, auquel sont affiliés presque tous les monastères d'Orient, se voue surtout à la prière et à la contemplation.;;;;;;;;;;;;x
ORDRE_MONACAL_1;ORDO STRATEGIUM;ORDO STRATEGIUM;;;;;;;;;;;;x
ORDRE_MONACAL_2;ORDO CISTERIENSIS;ORDO CISTERIENSIS ;;;;;;;;;;;;x
ORDRE_MONACAL_3;ORDO CARTUSIENSIS;ORDO CARTUSIENSIS ;;;;;;;;;;;;x
ORDRE_MILIT_1;Order: Knights Templar;ORDRE DU TEMPLE ;;;;;;;;;;;;x
ORDRE_MILIT_2;Order: Knights Hospitaller;ORDRE DES HOSPITALIERS ;;;;;;;;;;;;x
#;;;;;;;;;;;;;;x
#;;;;;;;;;;;;;;x
#;;x;;;;;;;;;;;;x
Necropole_A;Necropolis;Nécropôle ;;;;;;;;;;;;x
Necropole_A_desc;The most noble families have erected these monuments to commemorate the many generations of their defunct ancestors.;Les familles les plus nobles font ériger de tels monuments funéraires pour y acceuillir générations après générations leurs défunts.;;;;;;;;;;;;x
#;;x;;;;;;;;;;;;x
ca_banal_four;Banal-Oven;Four Banal ;;;;;;;;;;;;x
ca_banal_moulin;Banal-Mill;Moulin Banal ;;;;;;;;;;;;x
ca_banal_pressoir;Banal-Press;Pressoir Banal ;;;;;;;;;;;;x
ca_banal_four_desc;The banal-oven is where peasants gather to bake their bread for a somewhat reasonable charge.;C'est ici que la paysannerie vient entre autres cuire son pain.;;;;;;;;;;;;x
ca_banal_moulin_desc;The banal-oven is where peasants gather to grind their wheat for a somewhat reasonable charge.;Cet établissement à vocation collective permet de moudre le grain, étape importante du plus primordial des mets médiévaux : le pain.;;;;;;;;;;;;x
ca_banal_pressoir_desc;The banal-press is where peasants gather to press crops to prepare them for distillation.;Que serait un monde sans alcool ? Acratique, primitif... Heureusement, ce pressoir mis à disposition par le seigneur permet la fabrication des liqueurs.;;;;;;;;;;;;x
#;;;;;;;;;;;;;;x
#;;x;;;;;;;;;;;;x
#PONTS et CHAUSSEES;;x;;;;;;;;;;;;x
#;;x;;;;;;;;;;;;x
CA_pont_L1;Infrastructure: Ford;Gué;;;;;;;;;;;;x
CA_pont_L1_desc;The discovery of a point in the river where the riverbed is shallow enough to cross has led to an increase in traffic through these parts. The local lord could impose a minor toll to ford the river, but it is unlikely this alone will be profitable in the long run.;Un passage à gué a été aménagé à l'endroit ou le lit de la rivière est large et les eux peu profonde. Ce n'est pas le grand luxe mais cela permet de prélever un droit de péage, bien que faible.;;;;;;;;;;;;x
CA_pont_L2;Infrastructure: Wooden Bridge;Pont en bois;;;;;;;;;;;;x
CA_pont_L2_desc;The construction of a wooden bridge over the ford has made it easier for peasants and merchants to bring their goods to market, and a strategically-placed toll booth has allowed the local lord to profit as well.;Le passage étant relativement emprunté, permettre le franchissement de la rivière en toute saison et en restant au sec devenait indispensable. C'est maintenant chose faite avec ce pont fait de bois qui permet de plus de prélever un droit de passage plus élevé qu'auparavant.;;;;;;;;;;;;x
CA_pont_L3;Infrastructure: Stone Bridge;Pont en pierre;;;;;;;;;;;;x
CA_pont_L3_desc;After a few unfortunate accidents, the wooden bridge has been repaired and reinforced with stones to prevent another collapse. Both people and heavy carts can safely pass, further affirming this region's importance as a (taxable!) trade route.;Le pont en pierre est solide et permet un passage aisé que l'on soit à pied ou que l'on roule. Une halte pour alléger sa bourse au péage reste néanmoins indispensable.;;;;;;;;;;;;x
CA_col_L1;Infrastructure: Mountain Trail;COL : sentier;;;;;;;;;;;;x
CA_col_L1_desc;This small pass through the mountains is the only path able to be traversed by large caravans, making it indispensible to trade in this region. Some of the peasants here make a living guiding dusty travelers through the treacherous terrain, and we too can profit doubly by taxing both the peasants and the merchants.;Le petit sentier qui méne au col est l'unique et indispensable passage au travers la montagne à des lieues à la ronde. Les paysans complàtent leurs revenus en louant leurs services pour aider au passage, ce qui leur permet de nous reverser une partie desdits revenus.;;;;;;;;;;;;x
CA_col_L2;Infrastructure: Mountain Road;COL : chemin empierré;;;;;;;;;;;;x
CA_col_L2_desc;Clearing a larger trail through the mountain and surfacing it with gravel allows the passage of more and larger trade caravans, resulting in greater profits for everyone.;Le sentier menant au col est à présent plus large, mieux entretenu et permet le passage de davantage de marchands qui payent bien entendu pour cela.;;;;;;;;;;;;x
CA_route_L1;Infrastructure: Dirt Trail;Chemin de terre;;;;;;;;;;;;x
CA_route_L1_desc;The roads more travelled by peasants and merchants are often more worn, leaving clear trails for strangers to the province to follow as they bring their goods to market. Clearing the trails and expanding them make travel a little easier and attract more (taxable!) traffic.;Le chemin de terre relie la route commerciale aux domaines de la province. Il peut aussi bien devenir une route commerciale ou ne rester qu'un chemin d'importance moindre, un peu cahoteux qui assure a minima son rôle de voie de transport.;;;;;;;;;;;;x
CA_route_L2;Infrastructure: Gravel Road;Chemin empierré;;;;;;;;;;;;x
CA_route_L2_desc;The primitive dirt road that passed through these parts is no longer enough to facilitate travel through these parts. A booming economy requires better roads, and surfacing them with gravel will improve travel by foot, horse, as well as cart.;L'ancien chemin de terre n'était plus suffisant pour les marchands qui passaient par là. Le renforcement de la route avec des pierres permet au moins d'éviter les ornières, ennemies héréditaires des roues de chariots !;;;;;;;;;;;;x
CA_route_L3;Infrastructure: Paved Road;Route pavée;;;;;;;;;;;;x
CA_route_L3_desc;The growing importance of this region as an economic center requires the expansion and construction of more evenly paved roads to facilitate the droves of merchants that pass through every year.;Toujours plus de marchands empruntent la route, il est temps de l'élargir et d'en renforcer la structure. \nL'entretien permettra de prétexter plus de taxes de péage.;;;;;;;;;;;;x
CA_fleuve_L1;Infrastructure: Ferry;Ponton fluvial;;;;;;;;;;;;x
CA_fleuve_L1_desc;Local peasants make a living ferrying small groups of merchants travelling through these parts (and then of course, pass on a portion of the payment to the local lord). It is a safer alternative to travelling by land... until one of the boats springs a leak.;A peine un ponton en bois qui s'avance sur les eaux pour permettre l'amarrage des embarcations et mener les opération de chargement.;;;;;;;;;;;;x
CA_fleuve_L2;Infrastructure: Trading Quay;Quai fluvial;;;;;;;;;;;;x
CA_fleuve_L2_desc;The establishment of a wharf on the banks of the river allows for a significant number of rivercraft to ferry goods across otherwise unfriendly water.;Ce quai en pierre permet un amarrage solide et peut accueillir davantage de bateleurs. ;;;;;;;;;;;;x
CA_fleuve_L3;Infrastructure: Inland Trading Port;Port fluvial;;;;;;;;;;;;x
CA_fleuve_L3_desc;Establishing a small port where merchants can rest and then transport larger volumes of goods on sturdier boats has attracted more traffic through these parts.;Un petit port a été ici aménagé. L'on peut s'y reposer pour la nuit et s'y restaurer. Des bêtes de sommes peuvent y être louées pour la halage.;;;;;;;;;;;;x
CT_pont_L1;Infrastructure: Ford;Gué;;;;;;;;;;;;x
CT_pont_L1_desc;The discovery of a point in the river where the riverbed is shallow enough to cross has led to an increase in traffic through these parts. The local burghers could impose a minor toll to ford the river, but it is unlikely this alone will be profitable in the long run.;Un passage à gué a été aménagé à l'endroit ou le lit de la rivière est large et les eux peu profonde. Ce n'est pas le grand luxe mais cela permet de prélever un droit de péage, bien que faible.;;;;;;;;;;;;x
CT_pont_L2;Infrastructure: Wooden Bridge;Pont en bois;;;;;;;;;;;;x
CT_pont_L2_desc;The construction of a wooden bridge over the ford has made it easier for peasants and merchants to bring their goods to market, and a strategically-placed toll booth has allowed the locals to profit as well.;Le passage étant relativement emprunté, permettre le franchissement de la rivière en toute saison et en restant au sec devenait indispensable. C'est maintenant chose faite avec ce pont fait de bois qui permet de plus de prélever un droit de passage plus élevé qu'auparavant.;;;;;;;;;;;;x
CT_pont_L3;Infrastucture: Stone Bridge;Pont en pierre;;;;;;;;;;;;x
CT_pont_L3_desc;After a few unfortunate accidents, the wooden bridge has been repaired and reinforced with stones to prevent another collapse. Both people and heavy carts can safely pass, further affirming this region's importance as a (taxable!) trade route.;Le pont en pierre est solide et permet un passage aisé que l'on soit à pied ou que l'on roule. Une halte pour alléger sa bourse au péage reste néanmoins indispensable.;;;;;;;;;;;;x
CT_col_L1;Infrastructure: Mountain Pass;COL : sentier;;;;;;;;;;;;x
CT_col_L1_desc;This small pass through the mountains is the only path able to be traversed by large caravans, making it indispensible to trade in this region. Some of the peasants here make a living guiding dusty travelers through the treacherous terrain, and we too can profit doubly by taxing both the peasants and the merchants.;Le petit sentier qui méne au col est l'unique et indispensable passage au travers la montagne à des lieues à la ronde. Les paysans complàtent leurs revenus en louant leurs services pour aider au passage, ce qui leur permet de nous reverser une partie desdits revenus.;;;;;;;;;;;;x
CT_col_L2;Infrastructure: Mountain Trail;COL : chemin empierré;;;;;;;;;;;;x
CT_col_L2_desc;Clearing a larger trail through the mountain and surfacing it with gravel allows the passage of more and larger trade caravans, resulting in greater profits for everyone.;Le sentier menant au col est à présent plus large, mieux entretenu et permet le passage de davantage de marchands qui payent bien entendu pour cela.;;;;;;;;;;;;x
CT_relais_L1;Infrastructure: Mountain Tavern;Abri de montagne;;;;;;;;;;;;x
CT_relais_L1_desc;A tavern where travelers can safely rest after a long day's travel... for a price.;Cette construction assez sommaire permet aux voyageurs et marchands une halte au sommet du col pour passer la nuit ou laisser passer le mauvais temps.;;;;;;;;;;;;x
CT_relais_L2;Infrastructure: Mountain Inn;Refuge de montagne;;;;;;;;;;;;x
CT_relais_L2_desc;The local inn not only offers warm drink and a hot soup at the end of a day's travel, but also relatively comfortable beds for tired merchants willing to pay for such comforts.;Cette auberge de montagne installée au passage du col offre une halte au chaud et le couvert aux marchands désireux de franchir la montagne.;;;;;;;;;;;;x
CT_relais_L3;Infrastructure: Mountain Hamlet;Relais de montagne;;;;;;;;;;;;x
CT_relais_L3_desc;A small hamlet has sprung up around the local resting area and the peasants make a living tending to weary travellers passing through the high mountain pass.;Ce relais permet d'herberger et nourrir tous les marchand désireux de passer la montagne avec leur marchandises. L'acceuil y est chaleureux pour peu que l'on paye correctement son dû.;;;;;;;;;;;;x
CT_oasis_L1;Infrastructure: Sheltered Oasis;Petite Oasis;;;;;;;;;;;;x
CT_oasis_L1_desc;A sheltered oasis outside of town allows nomads and merchants to take shelter from the elements and the harsh desert nights.;Cette petite oasis, quasi inhabitée permet aux nomades de faire halte pour remplir leurs outres, se protéger d'une tempête de sable.;;;;;;;;;;;;x
CT_oasis_L2;Infrastructure: Oasis Hamlet;Oasis moyenne;;;;;;;;;;;;x
CT_oasis_L2_desc;A small hamlet has sprung up around this oft-frequented oasis and the peasants make a living tending to needs of weary travellers.;Cette oasis est plus grande que la moyenne et héberge quelques habitants permanents. Les caravanes y font halte pour se ravitailler en eau et nourriture, au prix de quelques pièces néanmoins.;;;;;;;;;;;;x
CT_oasis_L3;Infrastructure: Oasis Town;Oasis verdoyante;;;;;;;;;;;;x
CT_oasis_L3_desc;This oasis town, now irrigated by the waters of the oasis itself, supports a small town offering most of the comforts of home to travellers battered by the desert winds.;Cette grande oasis détient suffisamment d'eau pour irriguer jardins et cultures au beau milieu du désert. Cette une halte agréable pour tous voyageur et une halte indispensable pour tout marchand ou caravanes souhaitant se ravitaller en eau et nourriture, voire même y commercer un peu avant de repartir sur à travers le désert.;;;;;;;;;;;;x
CT_pont_fluvial_L1;Trade and Commerce: Ferry;Bac;;;;;;;;;;;;x
CT_pont_fluvial_L1_desc;The ferryman transports people and goods from one side of the river to the other for a modest price, facilitating a trickle of trade through these parts.;Le passage du fleuve se fait ici à l'aide d'un bac moyennant un prix modique.;;;;;;;;;;;;x
CT_pont_fluvial_L2;Trade and Commerce: Towed Ferry;Bac tracté;;;;;;;;;;;;x
CT_pont_fluvial_L2_desc;AS the current is much stronger here, a series of mechanisms are needed to ensure a steady passage from one bank of the river to the other.;Le courant étant plus fort ici, le bac est tracté par un mécanisme de cordes et chaînes permettant une traversée sereine y compris en période de hautes eaux.;;;;;;;;;;;;x
CT_pont_fluvial_L3;Trade and Commerce: Floating Bridge;Pont flottant;;;;;;;;;;;;x
CT_pont_fluvial_L3_desc;For lack of the proper engineering knowledge by the locals to build a fixed bridge, a series of floating logs tied together with thick ropes are the only safe means of facilitating foot traffic across the river.;Un ensemble de rondins encordées forment une passerelle sur les eaux permettant un franchissement rapide et aisé du fleuve;;;;;;;;;;;;x
CT_pont_fluvial_L4;Trade and Commerce: Fixed Wooden Bridge;Pont fixe en bois;;;;;;;;;;;;x
CT_pont_fluvial_L4_desc;The local authorities have elected to hire an engineer to build a sturdy and durable wooden bridge spanning the river. People are now less wary to cross over and a steady stream of merchants regularly flock into the city.;Rien ne vaut un pont permanent et résistant pour passer le fleuve en sécurité et... réclamer une bonne somme pour ledit passage.;;;;;;;;;;;;x
CT_pont_fluvial_L5;Trade and Commerce: Stone Bridge;Grand pont de pierre;;;;;;;;;;;;x
CT_pont_fluvial_L5_desc;After a few unfortunate accidents, the wooden bridge has been repaired and reinforced with stones to prevent another collapse. Both people and heavy carts can safely pass, provided they pay a modest toll.;L'ancien pont de bois a finalement laissé place à un fier et solide pont en pierre. La cité a bien entendu pris soin d'y instaurer un péage d'un montant tout aussi peu commun aux alentours que de ponts de cette envergure.;;;;;;;;;;;;x
CT_pont_fluvial_L6;Trade and Commerce: Expanded Stone Bridge;Pont de pierre double;;;;;;;;;;;;x
CT_pont_fluvial_L6_desc;Expanding the bridge to double its width as well as strengthen the foundations has also doubled the traffic... and the taxes!;En sus d'être en pierre, ce pont permet même le passage de front de deux carioles. Double capacité de passage, donc double revenus !;;;;;;;;;;;;x
CT_route_L1;Infrastructure: Dirt Trail;Chemin de terre;;;;;;;;;;;;x
CT_route_L1_desc;The roads more travelled by peasants and merchants are often more worn, leaving clear trails for strangers to the province to follow as they bring their goods to market. Clearing the trails and expanding them make travel a little easier and attract more (taxable!) traffic.;Le chemin de terre relie la route commerciale aux domaines de la province. Il peut aussi bien devenir une route commerciale ou ne rester qu'un chemin d'importance moindre, un peu cahoteux qui assure a minima son rôle de voie de transport.;;;;;;;;;;;;x
CT_route_L2;Infrastructure: Gravel Road;Chemin empierré;;;;;;;;;;;;x
CT_route_L2_desc;The primitive dirt road that passed through these parts is no longer enough to facilitate travel through these parts. A booming economy requires better roads, and surfacing them with gravel will improve travel by foot, horse, as well as cart.;L'ancien chemin de terre n'était plus suffisant pour les marchands qui passaient par là. Le renforcement de la route avec des pierres permet au moins d'éviter les ornières, ennemies héréditaires des roues de chariots !;;;;;;;;;;;;x
CT_route_L3;Infrastructure: Paved Road;Route pavée;;;;;;;;;;;;x
CT_route_L3_desc;The growing importance of this region as an economic center requires the expansion and construction of more evenly paved roads to facilitate the droves of merchants that pass through every year.;Toujours plus de marchands empruntent la route, il est temps de l'élargir et d'en renforcer la structure. \nL'entretien permettra de prétexter plus de taxes de péage.;;;;;;;;;;;;x
CT_fleuve_L1;Infrastructure: Ferry;Ponton fluvial;;;;;;;;;;;;x
CT_fleuve_L1_desc;Local peasants make a living ferrying small groups of merchants travelling through these parts (and then of course, pass on a portion of the payment to the local lord). It is a safer alternative to travelling by land... until one of the boats springs a leak.;A peine un ponton en bois qui s'avance sur les eaux pour permettre l'amarrage des embarcations et mener les opération de chargement.;;;;;;;;;;;;x
CT_fleuve_L2;Infrastructure: Trading Quay;Quai fluvial;;;;;;;;;;;;x
CT_fleuve_L2_desc;The establishment of a wharf on the banks of the river allows for a significant number of rivercraft to ferry goods across otherwise unfriendly water.;Ce quai en pierre permet un amarrage solide et peut accueillir davantage de bateleurs. ;;;;;;;;;;;;x
CT_fleuve_L3;Infrastructure: Inland Trading Port;Port fluvial;;;;;;;;;;;;x
CT_fleuve_L3_desc;Establishing a small port where merchants can rest and then transport larger volumes of goods on sturdier boats has attracted more traffic through these parts.;Un petit port a été ici aménagé. L'on peut s'y reposer pour la nuit et s'y restaurer. Des bêtes de sommes peuvent y être louées pour la halage.;;;;;;;;;;;;x
TP_pont_L1;Infrastructure: Ford;Gué;;;;;;;;;;;;x
TP_pont_L1_desc;The discovery of a point in the river where the riverbed is shallow enough to cross has led to an increase in traffic through these parts. The local burghers could impose a minor toll to ford the river, but it is unlikely this alone will be profitable in the long run.;Un passage à gué a été aménagé à l'endroit ou le lit de la rivière est large et les eux peu profonde. Ce n'est pas le grand luxe mais cela permet de prélever un droit de péage, bien que faible.;;;;;;;;;;;;x
TP_pont_L2;Infrastructure: Wooden Bridge;Pont en bois;;;;;;;;;;;;x
TP_pont_L2_desc;The construction of a wooden bridge over the ford has made it easier for peasants and merchants to bring their goods to market, and a strategically-placed toll booth has allowed the locals to profit as well.;Le passage étant relativement emprunté, permettre le franchissement de la rivière en toute saison et en restant au sec devenait indispensable. C'est maintenant chose faite avec ce pont fait de bois qui permet de plus de prélever un droit de passage plus élevé qu'auparavant.;;;;;;;;;;;;x
TP_pont_L3;Infrastructure: Stone Bridge;Pont en pierre;;;;;;;;;;;;x
TP_pont_L3_desc;After a few unfortunate accidents, the wooden bridge has been repaired and reinforced with stones to prevent another collapse. Both people and heavy carts can safely pass, further affirming this region's importance as a (taxable!) trade route.;Le pont en pierre est solide et permet un passage aisé que l'on soit à pied ou que l'on roule. Une halte pour alléger sa bourse au péage reste néanmoins indispensable.;;;;;;;;;;;;x;;;;;;;;;;;;x
TP_col_L1;Infrastructure: Mountain Pass;COL : sentier;;;;;;;;;;;;x
TP_col_L1_desc;This small pass through the mountains is the only path able to be traversed by large caravans, making it indispensible to trade in this region. Some of the peasants here make a living guiding dusty travelers through the treacherous terrain, and we too can profit doubly by taxing both the peasants and the merchants.;Le petit sentier qui méne au col est l'unique et indispensable passage au travers la montagne à des lieues à la ronde. Les paysans complàtent leurs revenus en louant leurs services pour aider au passage, ce qui leur permet de nous reverser une partie desdits revenus.;;;;;;;;;;;;x
TP_col_L2;Infrastructure: Mountain Trail;COL : chemin empierré;;;;;;;;;;;;x
TP_col_L2_desc;Clearing a larger trail through the mountain and surfacing it with gravel allows the passage of more and larger trade caravans, resulting in greater profits for everyone.;Le sentier menant au col est à présent plus large, mieux entretenu et permet le passage de davantage de marchands qui payent bien entendu pour cela.;;;;;;;;;;;;x
TP_relais_L1;Infrastructure: Mountain Tavern;Abri de montagne;;;;;;;;;;;;x
TP_relais_L1_desc;A tavern where travelers can safely rest after a long day's travel... for a price.;Cette construction assez sommaire permet aux voyageurs et marchands une halte au sommet du col pour passer la nuit ou laisser passer le mauvais temps.;;;;;;;;;;;;x
TP_relais_L2;Infrastructure: Mountain Inn;Refuge de montagne;;;;;;;;;;;;x
TP_relais_L2_desc;The local inn not only offers warm drink and a hot soup at the end of a day's travel, but also relatively comfortable beds for tired merchants willing to pay for such comforts.;Cette auberge de montagne installée au passage du col offre une halte au chaud et le couvert aux marchands désireux de franchir la montagne.;;;;;;;;;;;;x
TP_route_L1;Infrastructure: Dirt Trail;Chemin de terre;;;;;;;;;;;;x
TP_route_L1_desc;The roads more travelled by peasants and merchants are often more worn, leaving clear trails for strangers to the province to follow as they bring their goods to market. Clearing the trails and expanding them make travel a little easier and attract more (taxable!) traffic.;Le chemin de terre relie la route commerciale aux domaines de la province. Il peut aussi bien devenir une route commerciale ou ne rester qu'un chemin d'importance moindre, un peu cahoteux qui assure a minima son rôle de voie de transport.;;;;;;;;;;;;x
TP_route_L2;Infrastructure Gravel Road;Chemin empierré;;;;;;;;;;;;x
TP_route_L2_desc;The primitive dirt road that passed through these parts is no longer enough to facilitate travel through these parts. A booming economy requires better roads, and surfacing them with gravel will improve travel by foot, horse, as well as cart.;L'ancien chemin de terre n'était plus suffisant pour les marchands qui passaient par là. Le renforcement de la route avec des pierres permet au moins d'éviter les ornières, ennemies héréditaires des roues de chariots !;;;;;;;;;;;;x
TP_route_L3;Infrastructure: Paved Road;Route pavée;;;;;;;;;;;;x
TP_route_L3_desc;The growing importance of this region as an economic center requires the expansion and construction of more evenly paved roads to facilitate the droves of merchants that pass through every year.;Toujours plus de marchands empruntent la route, il est temps de l'élargir et d'en renforcer la structure. \nL'entretien permettra de prétexter plus de taxes de péage.;;;;;;;;;;;;x
TP_fleuve_L1;Infrastructure: Ferry;Ponton fluvial;;;;;;;;;;;;x
TP_fleuve_L1_desc;Local peasants make a living ferrying small groups of merchants travelling through these parts (and then of course, pass on a portion of the payment to the local lord). It is a safer alternative to travelling by land... until one of the boats springs a leak.;A peine un ponton en bois qui s'avance sur les eaux pour permettre l'amarrage des embarcations et mener les opération de chargement.;;;;;;;;;;;;x
TP_fleuve_L2;Infrastructure: Trading Quay;Quai fluvial;;;;;;;;;;;;x
TP_fleuve_L2_desc;The establishment of a wharf on the banks of the river allows for a significant number of rivercraft to ferry goods across otherwise unfriendly water.;Ce quai en pierre permet un amarrage solide et peut accueillir davantage de bateleurs. ;;;;;;;;;;;;x
TP_fleuve_L3;Infrastructure: Inland Trading Port;Port fluvial;;;;;;;;;;;;x
TP_fleuve_L3_desc;Establishing a small port where merchants can rest and then transport larger volumes of goods on sturdier boats has attracted more traffic through these parts.;Un petit port a été ici aménagé. L'on peut s'y reposer pour la nuit et s'y restaurer. Des bêtes de sommes peuvent y être louées pour la halage.;;;;;;;;;;;;x
#;;;;;;;;;;;;;;x
tr_port_fluvial_1;Inland Trading Quay;Débarcadère fluvial;;;;;;;;;;;;x
tr_port_fluvial_1_desc;The establishment of a wharf on the banks of the river allows for a significant number of rivercraft to ferry goods across otherwise unfriendly water.;Ce ponton en bois permet l'arraisonnement des gabares et autres barques marchandes. Seul inconvénient le peu de place qu'il possède et l'écot à payer en sus !;;;;;;;;;;;;x
tr_port_fluvial_2;Inland Trading Port;Port fluvial;;;;;;;;;;;;x
tr_port_fluvial_2_desc;Establishing a small port where merchants can rest and then transport larger volumes of goods on sturdier boats has attracted more traffic through these parts.;Le port permet le va et vient incessant des denrées et autres marchandises. Avec le trafic incessant rentre l'argent.;;;;;;;;;;;;x
tr_port_fluvial_3;Inland Trading Harbor;Grand port fluvial;;;;;;;;;;;;x
tr_port_fluvial_3_desc;A considerably busy and populated harbor serves as a hub where merchants can transport goods further downstream to the cities or sell their goods at the market that has sprung up within the trading post itself.;Cet endroit est une vraie fourmilière où se rencontre porteurs, marchands, bourgeois et coquins à la recherche d'un petit larçin.;;;;;;;;;;;;x
tr_port_maritime_1;Maritime Trading Quay;Débarcadère maritime;;;;;;;;;;;;x
tr_port_maritime_1_desc;The establishment of a wharf along the coast allows for a significant number of small vessels to dock before unloading their goods.;Cet endroit est l'embryon du commerce maritime. Sans lui pas de commerce !;;;;;;;;;;;;x
tr_port_maritime_2;Maritime Trading Port;Port maritime;;;;;;;;;;;;x
tr_port_maritime_2_desc;Establishing a small port where merchants can rest and then transport larger volumes of goods to their warehouses or further inland has been a significant boon to trade.;Le port possède de nombreux quais où les voiles des marchands viennent se protéger des pirates et déverser leur précieuse cargaison.;;;;;;;;;;;;x
tr_port_maritime_3;Maritime Trading Harbor;Grand port maritime;;;;;;;;;;;;x
tr_port_maritime_3_desc;A considerably busy and populated harbor serves as a hub where merchants can transport goods further inland to the cities or sell their goods at the market that has sprung up within the trading post itself.;Ce port possède suffisament de quais pour accueillir une flotte complète de navires débordant de biens.;;;;;;;;;;;;x
tr_relais_route_1;Toll Booths;Péage;;;;;;;;;;;;x
tr_relais_route_1_desc;Tolls are collected here.;Le malheur des marchands et le bonheur des bourgmestres. Ici, il faudra payer pour passer.;;;;;;;;;;;;x
tr_relais_route_2;Travelers' Inn;Relais routier;;;;;;;;;;;;x
tr_relais_route_2_desc;Weary travellers can rest their bones here.;Les caravanes s'arrêtent là afin de permettre à leurs membres de se reposer. Celà génèrent des revenus forts lucratifs.;;;;;;;;;;;;x
tr_relais_route_3;Market Square;Relais commercial;;;;;;;;;;;;x
tr_relais_route_3_desc;Goods can be sold here at the trading post in the market.;La quintessence de la route commerciale : auberges, échoppes, entrepôts et droit de douane se mélangent ici.;;;;;;;;;;;;x
tr_entrepot_1;Merchandise Depot;Entrepôt à marchandises;;;;;;;;;;;;x
tr_entrepot_1_desc;A small storage for merchants to store their goods under lock and key.;Il est important de pouvoir garder les marchandises quelquepart. Ce petit entrepôt s'en chargera.;;;;;;;;;;;;x
tr_entrepot_2;Merchandise Warehouse;Halle à marchandises;;;;;;;;;;;;x
tr_entrepot_2_desc;A large storage for merchants to store their goods under lock and key, guarded by menacing-looking characters..;Un lieu regroupant divers entrepôts où dorment les futurs achats du marché.;;;;;;;;;;;;x
tr_bureau_1;Office of the Exchequer;Bureau d'échange;;;;;;;;;;;;x
tr_bureau_1_desc;Essentially the closest person to the central authority governing the trade post, strict regulations are enforced from the busy offices located here.;C'est là que se trouve la tête du commerce. Un lieu où seuls les hommes de confiance ont accès.;;;;;;;;;;;x
tr_bureau_2;Office of Commerce;Bureau de commerce;;;;;;;;;;;;x
tr_bureau_2_desc;The central authority at the trading post, the Office holds the power to ruin noncompliant merchants and enforce order.;Ce lieu est le centre décisionnaire de la toile commerciale. Les marchands tremblent à l'idée d'en offenser son dirigeant.;;;;;;;;;;;;x
tr_garnison_1;Mercenary Guards;Garde du comptoir;;;;;;;;;;;;x
tr_garnison_1_desc;Hiring a few mercenaries to guard the warehouses have staved off petty crimes to a certain degree... as long as such characters are paid well.;Un petit bâtiment où se regroupent des soldats chargés des tâches policières intrinsèques au commerce.;;;;;;;;;;;;x
tr_garnison_2;Guard Barracks;Garde renforcée;;;;;;;;;;;;x
tr_garnison_2_desc;More money means better guards that can be more regularly paid and better armed to deal with thieves, thugs, and occasionally pirates.;Un lieu imposant qui domine sévèrement la place du marché.;;;;;;;;;;;;x
tr_garnison_3;Trading Post Garrison;Garnison;;;;;;;;;;;;x
tr_garnison_3_desc;A sizeable garrison maintains peace and order, so that trade may flourish.;Tout malandrin devra se préparer à voir surgir de cet endoit moults protecteurs du commerce.;;;;;;;;;;;;x
